城市,门店名称,区域(组合后),地址,评分(留空),标签(剔除)
安阳市,安阳千博口腔,安阳市-文峰区,河南省安阳市文峰区曙光路与德隆街交叉口向西100米路南,,
安阳市,安阳曜白口腔门诊部有限公司,安阳市-文峰区,河南省安阳市文峰区东风路与文昌大道交叉口向北300米水天苑C区南门,,
安阳市,安阳雅之道口腔医院有限公司,安阳市-文峰区,河南省安阳市文峰区灯塔路与兴泰路交叉口东北角关巢蓝钻小区一号楼128号商铺,,
安阳市,德佑口腔(体育场店),安阳市-未知区域,河南省安阳市林州市河南省安阳市林州市开元街道长安路体育场北侧24号,,
安阳市,德佑口腔(太行路店),安阳市-未知区域,河南省安阳市林州市龙山街道阜民街中段（运通宾馆楼）下16号,,
安阳市,植得口腔(安阳院区),安阳市-文峰区,安阳市文峰区永明路与迎春东街交叉口向南70米路西万达华府2区5号楼1单元1层,,
安阳市,植得口腔安阳院区,安阳市-文峰区,河南省安阳市文峰区永明路与迎春东街交叉口安阳植得口腔,,
安阳市,殷都莱安雅口腔门诊部(安阳分院),安阳市-殷都区,河南省安阳市殷都区芳林街西段花园庄新社区2号门面,,
安阳市,民安口腔,安阳市-北关区,河南省安阳市北关区人民大道与平原路交叉口东北角红旗渠广场水晶超市二楼,,
安阳市,添悦口腔(人民大道院区),安阳市-北关区,河南省安阳市北关区红星路18号,,
安阳市,添悦口腔(安钢院区),安阳市-殷都区,河南省安阳市殷都区钢二路10号,,
安阳市,添悦口腔(帕提欧院区)),安阳市-龙安区,河南省安阳市龙安区铁二路与凤阳街交叉口西南20米,,
鞍山市,优一口腔,鞍山市-立山区,辽宁省鞍山市立山区园林大道581号鞍钢田园外商铺,,
鞍山市,臻爱口腔(湖南店),鞍山市-铁东区,辽宁省鞍山市铁东区湖南街1-75-52,,
鞍山市,臻爱口腔(铁东部),鞍山市-铁东区,辽宁省鞍山市铁东区胜利南路1485,,
鞍山市,臻爱口腔亚太种植牙中心(立山部),鞍山市-立山区,辽宁省鞍山市立山区胜利路3-25-235-4,,
安庆市,安庆华棋口腔门诊部,安庆市-迎江区,安徽省安庆市迎江区华中东路水岸花都D7栋,,
安庆市,安庆华棋江玲口腔诊所,安庆市-迎江区,安徽省安庆市迎江区华中西路80号,,
安庆市,安庆宜秀华棋口腔门诊部,安庆市-宜秀区,安徽省安庆市宜秀区润城尚郡商业街1栋5室,,
安庆市,安庆市宜秀鼎爱口腔门诊部,安庆市-宜秀区,安徽省安庆市宜秀区天柱山东路恒大珺睿府1层80-82室,,
安庆市,安庆朱小龙口腔4812总部,安庆市-宜秀区,安徽省安庆市宜秀区中兴大街73号,,
安庆市,安庆朱小龙口腔光彩门诊,安庆市-宜秀区,安徽省安庆市宜秀区天柱山东路金桂丽园6-11号,,
安庆市,安庆朱小龙口腔绿地东院区,安庆市-迎江区,安徽省安庆市迎江区迎江世纪城一期B区,,
安庆市,安庆朱小龙口腔菱湖门诊,安庆市-迎江区,安徽省安庆市迎江区菱湖南路御景国际1号楼,,
安庆市,安庆渡江口腔医院,安庆市-迎江区,安徽省安庆市迎江区华中路吾悦华府二期南大门 S5栋1189号,,
安庆市,安庆鼎爱口腔门诊,安庆市-宜秀区,安徽省安庆市宜秀区菱北街道中兴大街122-3号,,
安庆市,望江县景鹏口腔门诊部,安庆市-望江县,安徽省安庆市望江县华阳镇雷阳路碧秀花苑C11-1号,,
安庆市,潜山吴丹口腔门诊部,安庆市-未知区域,安徽省安庆市潜山市中诺恒太城2号楼2层01室,,
安庆市,贝尔口腔,安庆市-宿松县,安徽省安庆市宿松县孚玉中路（黄商超市对面）,,
安庆市,赵帮树口腔(银杏口腔门诊部),安庆市-桐城经济开发区,安徽省安庆市桐城市桐城经济开发区兴元社区龙池路银杏公寓110号,,
阿拉善盟市,方舟口腔,阿拉善盟市-阿拉善盟阿拉善左旗绿色之光南区,内蒙古自治区阿拉善盟阿拉善左旗绿色之光南区商业城,,
安康市,兔博士口腔安康分院,安康市-汉滨区,安康市汉滨区党校路中段西侧,,
安康市,兔博士口腔安康高新分院,安康市-高新区,安康市高新区花园大道现代城22号楼9号,,
亳州市,三爱口腔(利辛店),亳州市-利辛县,安徽省亳州市利辛县城关镇前进路西段,,
亳州市,兴华口腔(汤王院区),亳州市-谯城区,安徽省亳州市谯城区汤王大道兴华医院（一楼）,,
亳州市,好牙依口腔南湖店,亳州市-谯城区,安徽省亳州市谯城区高新区玫瑰园1号楼103-104号,,
亳州市,小天使口腔(光明路店),亳州市-谯城区,安徽省亳州市谯城区光明路65号,,
亳州市,小天使口腔(华富广场店),亳州市-谯城区,安徽省亳州市谯城区亳州市高新技术产业开发区南湖华富广场6栋117-124号,,
亳州市,小天使口腔(建安广场店),亳州市-谯城区,安徽省亳州市谯城区药都大道府南花园2号楼105号,,
亳州市,康齿佳口腔门诊部,亳州市-涡阳县,安徽省亳州市涡阳县乐行路旭日华城南门康齿佳口腔门诊,,
亳州市,贝德口腔医院(蒙城分店),亳州市-蒙城县,安徽省亳州市蒙城县牛群商贸城二期c区1号楼102铺,,
亳州市,邵氏福盛口腔(世纪花园店),亳州市-高新区,安徽省亳州市高新区汤王大道世纪花园30#103,,
亳州市,邵氏福盛口腔(光明路店),亳州市-谯城区,安徽省亳州市谯城区光明路173号,,
亳州市,邵氏福盛口腔门诊部(万达店),亳州市-经开区,安徽省毫州市经开区万达广场C21号商铺117、118、217、218铺,,
蚌埠市,三爱口腔门诊(龙子湖店),蚌埠市-龙子湖区,安徽省蚌埠市龙子湖区解放路199号香樟花园门面房,,
蚌埠市,名仁口腔,蚌埠市-禹会区,安徽省蚌埠市禹会区红旗一路秀水二村554-556号,,
蚌埠市,壹心口腔门诊部,蚌埠市-蚌山区,安徽省蚌埠市蚌山区凤凰国际广场B座1层101、111号商铺,,
蚌埠市,牙美植口腔,蚌埠市-五河县,安徽省蚌埠市五河县城关镇五河老一中旁，翰林公馆东门s1-112-1,,
蚌埠市,瑞雅口腔门诊部(淮海路店),蚌埠市-怀远县,安徽省蚌埠市怀远县淮海路东方红小区199号门面房,,
蚌埠市,瑞雅四桥口腔门诊部,蚌埠市-怀远县,安徽省蚌埠市怀远县荆山镇三清百汇财富城8号楼,,
蚌埠市,瑞雅老西门口腔,蚌埠市-怀远县,安徽省蚌埠市怀远县荆山镇西关老汽车站商铺S1007,,
蚌埠市,蚌埠爱牙乐口腔门诊部,蚌埠市-龙子湖区,安徽省蚌埠市龙子湖区大学城汤和路湖光小区西门,,
蚌埠市,蚌埠皓芽口腔,蚌埠市-蚌山区,安徽省蚌埠市蚌山区兴业街792号三星集团楼下,,
北海市,北海蓝天口腔医院,北海市-海城区,广西壮族自治区北海市海城区北盛旅游商业中心（北部湾西路7号，旁边7天优品酒店）,,
北海市,安喜蓝刺猬口腔门诊部,北海市-海城区,广西壮族自治区北海市海城区和平路91号工人文化宫一楼（中山公园正门对面）,,
北海市,安囍口腔(北京路机构),北海市-海城区,广西壮族自治区北海市海城区北京路63号华杰·春秋源(宁春城对面京泰路路口处）,,
北海市,安囍茶亭路口腔门诊部,北海市-海城区,广西壮族自治区北海市海城区茶亭路31号富丽华海御一楼商铺（富丽华酒店旁）,,
北京市,8020拜尔口腔门诊部(朝阳路店),北京市-朝阳区,北京市朝阳区新街大院甲8号1幢2层201室,,
北京市,BellaTooth贝拉图斯口腔门诊,北京市-朝阳区,北京市朝阳区日坛北路17号院2号楼1层1011,,
北京市,东直门口腔(看丹桥店),北京市-丰台区,北京市丰台区韩庄子二里17号楼一层118号,,
北京市,乾德兰怡口腔(华贸天地店),北京市-朝阳区,北京市朝阳区清河营南街7号院7号楼1层138号,,
北京市,乾德齿科(国泰生活广场店),北京市-顺义区,北京市顺义区天竺镇首都机场南平街6号1-07,,
北京市,乾德齿科(水木店),北京市-顺义区,北京市顺义区空港街道水木兰亭花园甲1号楼1层1-1B室,,
北京市,乾德齿科(谊宾店),北京市-顺义区,北京市顺义区站前北街9号13幢一层104A室,,
北京市,京德口腔医院,北京市-海淀区,北京市海淀区西山锦绣府嘉木园北门西60米,,
北京市,优合口腔门诊部,北京市-朝阳区,北京市朝阳区亮马桥路二十一世纪大厦一楼,,
北京市,劲松口腔牡丹园分院(牡丹园分院),北京市-海淀区,北京市北京市海淀区花园东路31号4号楼1层102室,,
北京市,劲松齿科(三里屯院),北京市-朝阳区,北京市朝阳区工体北路2号,,
北京市,劲松齿科(中街分院),北京市-朝阳区,"北京市朝阳区劲松路1号1层1-2，2层1-4,3层1-6",,
北京市,劲松齿科(五棵松店),北京市-海淀区,北京市海淀区华熙Live广场A座,,
北京市,劲松齿科(亚运村店),北京市-朝阳区,北京市朝阳区安立路慧忠里103号楼洛克时代中心B座1层,,
北京市,劲松齿科(国贸分院),北京市-朝阳区,北京市朝阳区光华路9号光华路SOHO二期A座1层底商,,
北京市,劲松齿科(国际部分院),北京市-朝阳区,北京市朝阳区建国路89号院18号楼,,
北京市,劲松齿科(外企分院),北京市-朝阳区,北京市朝阳区西大望路15号外企大厦C座4层,,
北京市,劲松齿科(望京分院),北京市-朝阳区,北京市朝阳区悠乐汇A2座,,
北京市,劲松齿科(牡丹园店),北京市-海淀区,北京市海淀区花园东路31号4号楼1层102室,,
北京市,劲松齿科(苏州桥分院),北京市-海淀区,北京市海淀区万泉河路68号紫金庄园6-7号楼一层底商,,
北京市,劲松齿科(角门店),北京市-丰台区,北京市丰台区马家堡西路15号101内一层A005、二层A007,,
北京市,北京三芽东坝口腔门诊部,北京市-朝阳区,北京市朝阳区朝新嘉园西里三区1号楼2层209，2层210,,
北京市,北京三芽口腔门诊部,北京市-石景山区,北京市石景山区鲁谷东街8号一层168号,,
北京市,北京佳和口腔门诊部(天宫院店),北京市-大兴区,北京市北京市大兴区永旺路1号院7号楼1-2层110-111,,
北京市,北京劲松口腔医院(中街分院),北京市-朝阳区,北京市北京市朝阳区朝阳区劲松二区甲226号,,
北京市,北京劲松口腔医院(亚运村分院),北京市-朝阳区,"北京市北京市朝阳区慧忠里103楼1层101B,2层2021-2037室",,
北京市,北京劲松口腔医院(国贸分院),北京市-朝阳区,"北京市北京市朝阳区朝阳光华路9号光华路9号楼1层113、114,2层214",,
北京市,北京劲松口腔医院(国际部分院),北京市-朝阳区,北京市北京市朝阳区建国路89号院18号楼L02内1-3层L02-1室,,
北京市,北京劲松口腔医院(外企分院),北京市-朝阳区,北京市北京市朝阳区西大望路15号5号楼4层办公1(04层),,
北京市,北京劲松口腔医院(望京分院),北京市-朝阳区,北京市北京市朝阳区朝阳区广顺南大街悠乐汇a2座(望京南地铁站A西北口步行390米),,
北京市,北京劲松口腔医院(苏州桥分院),北京市-海淀区,北京市北京市海淀区海淀区苏州街72号(苏州桥地铁站B口步行370米),,
北京市,北京劲松口腔医院(角门分院),北京市-丰台区,北京市北京市丰台区丰台区马家堡西路15号101-F1A,,
北京市,北京华慈口腔门诊部,北京市-大兴区,北京市大兴区北环东路3号院2号楼1至2层2号,,
北京市,北京品若口腔门诊部,北京市-朝阳区,北京市北京市朝阳区南湖南路11号院1号楼106-1.106-2.106-3,,
北京市,北京尚善口腔,北京市-海淀区,北京市海淀区紫竹院路116号 嘉豪国际中心一层底商,,
北京市,北京悠恩齿科口腔诊所(中粮门诊),北京市-顺义区,北京市顺义区临空经济核心区安泰大街9号院19号楼1层107室,,
北京市,北京悠恩齿科口腔诊所(金宝门诊),北京市-顺义区,北京市顺义区顺恒大街10号院1号楼1层109,,
北京市,北京悠恩齿科口腔诊所(香悦诊所),北京市-顺义区,北京市顺义区马镇安路3号院三区12号楼1层,,
北京市,北京整齐娃娃口腔,北京市-朝阳区,北京市朝阳区曙光西里甲1号商业1层16C及2层15A、15B、16A部分,,
北京市,北京普尔口腔诊所,北京市-朝阳区,北京市朝阳区88号院SOHO现代城A座三层0324室,,
北京市,北京普尔尼斯口腔门诊部有限公司,北京市-朝阳区,北京市朝阳区青年路7号院5号楼二层普尔口腔50203/50204（星巴克隔壁）,,
北京市,北京普尔祥云口腔医院管理有限公司北京普尔口腔门诊部,北京市-顺义区,北京市顺义区安泰大街9号院10号楼3层301.302室,,
北京市,北京松鼠家口腔门诊部,北京市-大兴区,北京市大兴区亦庄经济技术开发区泰和园五里18号楼层101-05B,,
北京市,北京松鼠家景园口腔门诊部有限公司,北京市-大兴区,北京市大兴区亦庄经济技术开发区科创十一街4号院3号楼1至2层104,,
北京市,北京欢乐英辰口腔门诊部,北京市-东城区,北京市东城区幸福家园4号楼1层4-5-101/201,,
北京市,北京海鲸口腔,北京市-朝阳区,北京市北京市朝阳区工体东路20号2层202内18号。（春平广场【交通银行】旁海鲸口腔）,,
北京市,北京爱芽口腔门诊部,北京市-海淀区,北京市海淀区学院路6号1号楼1层A还建,,
北京市,北京瑞泰口腔(通州店),北京市-通州区,北京市通州区新华西街61号3层8-1-20-1,,
北京市,北京看丹口腔门诊部,北京市-丰台区,北京市丰台区西四环南路103号院,,
北京市,北京福乐口腔门诊部,北京市-顺义区,北京市北京市顺义区后沙峪祥云小镇北区fudi会员商店内,,
北京市,北京科尔口腔(合生汇总院),北京市-朝阳区,北京市朝阳区西大望路甲20号院11,,
北京市,北京科尔口腔西大望路店(老院),北京市-朝阳区,北京市朝阳区西大望路59号院1-4号,,
北京市,北京维尔口腔医院(三元桥分院),北京市-朝阳区,北京市北京市朝阳区西坝河东里79-9号楼,,
北京市,北京维尔口腔医院(上地分院),北京市-海淀区,北京市北京市海淀区信息路30号上地大厦一层A101室,,
北京市,北京维尔口腔医院(八里庄分院),北京市-朝阳区,北京市北京市朝阳区八里庄南里32号楼,,
北京市,北京维尔口腔医院(甘露园分院),北京市-朝阳区,北京市北京市朝阳区朝阳路甘露园南里二区6号楼一层底商,,
北京市,北京维尔口腔医院(紫竹桥分院),北京市-海淀区,北京市北京市海淀区西三环北路35号,,
北京市,北京维尔齿美口腔专科医院(丰台分院),北京市-丰台区,北京市丰台区怡海花园恒丰园2号楼1层2层,,
北京市,北京诺泰口腔门诊部,北京市-朝阳区,北京市朝阳区慧忠北里309号楼122号,,
北京市,博康泰口腔医院,北京市-丰台区,北京市丰台区警备东路6号二区综合楼北段4049,,
北京市,品格诺德口腔(富力城店),北京市-朝阳区,北京市朝阳区广渠门外大街1号院9号楼1层底商,,
北京市,品格齿铭口腔(世纪城店),北京市-海淀区,北京市海淀区蓝靛厂翠叠园12号楼2层地上201-1,,
北京市,嘉和口腔(新华南路店),北京市-通州区,北京市通州区新华南路6号,,
北京市,嘉士美口腔,北京市-大兴区,北京市大兴区庞各庄镇团结路19号院23号楼1单元113,,
北京市,廷杰口腔(名佳店),北京市-昌平区,北京市北京市昌平区北七家镇名佳花园一区一号楼底商,,
北京市,廷杰口腔(望都店),北京市-昌平区,北京市北京市昌平区北七家镇望都家园底商32号楼,,
北京市,廷杰口腔(百善店),北京市-昌平区,北京市北京市昌平区百善镇善缘家园底商廷杰口腔,,
北京市,新天地口腔(长楹店),北京市-朝阳区,北京市朝阳区朝阳路5号院8号楼2层201内09,,
北京市,普尔口腔(祥云小镇店),北京市-顺义区,北京市顺义区安泰大街9号院10号楼3层301、302室,,
北京市,晶诚口腔(白石桥店),北京市-海淀区,北京市海淀区主语家园17楼1层105,,
北京市,晶诚口腔(知春路店),北京市-海淀区,北京市海淀区知春路17号商业、车库一层015号,,
北京市,有来医生口腔(西直门店),北京市-海淀区,北京市北京市海淀区高梁桥斜街59号院中坤大厦底商,,
北京市,柠檬树口腔(长阳店),北京市-房山区,北京市房山区广阳新路7号院2号楼2层1-208,,
北京市,梵朗口腔,北京市-顺义区,北京市顺义区后沙峪香花畦家园,,
北京市,欢乐口腔(五道口分院),北京市-海淀区,北京市海淀区成府路29号1层1-2,,
北京市,欢乐口腔(亚运村分院),北京市-朝阳区,北京市朝阳区安慧北里安园8号楼1层101、2层202,,
北京市,欢乐口腔(交大分院),北京市-海淀区,北京市海淀区交大东路60号1层60-1-1,,
北京市,欢乐口腔(六道口分院),北京市-海淀区,北京市海淀区学院路6号1号楼104、2层跃层,,
北京市,欢乐口腔(华贸分院),北京市-朝阳区,北京市朝阳区红庙十字路口西南角6号楼,,
北京市,欢乐口腔(双榆树分院),北京市-海淀区,北京市海淀区双榆树小区西里新雅餐厅3号楼1层106号,,
北京市,欢乐口腔(和平里分院),北京市-朝阳区,北京市朝阳区和平西苑20号楼C座103-1内1-2层、2层C座103-2,,
北京市,欢乐口腔(大悦城分院),北京市-朝阳区,北京市朝阳区青年路西路5号院16号楼1层104内09号,,
北京市,欢乐口腔(天通苑分院),北京市-昌平区,北京市昌平区东小口镇立汤路186甲5幢1-107,,
北京市,欢乐口腔(太阳宫分院),北京市-朝阳区,北京市朝阳区西坝河东里2号院4号楼1至2层商业05（4#）,,
北京市,欢乐口腔(宣武门分院),北京市-西城区,北京市西城区宣武门外大街8号楼1层101-2144,,
北京市,欢乐口腔(将台路分院),北京市-朝阳区,北京市朝阳区酒仙桥路乙21号1号楼3层北侧,,
北京市,欢乐口腔(望京分院),北京市-朝阳区,北京市朝阳区广顺北大街33号院1号楼1层101室002号,,
北京市,欢乐口腔(朝阳北路分院),北京市-朝阳区,北京市朝阳区朝阳北路129号院2号楼2层201内01、02号,,
北京市,欢乐口腔(朝阳门分院),北京市-朝阳区,北京市朝阳区朝外大街乙12号1层04号2层跃层,,
北京市,欢乐口腔(百子湾分院),北京市-朝阳区,北京市朝阳区百子湾西里101号楼1至2层商业B,,
北京市,欢乐口腔(知春路分院),北京市-海淀区,北京市海淀区知春路56号西区一层西侧,,
北京市,欢乐口腔(第五大道分院),北京市-朝阳区,北京市朝阳区慧忠北里309号楼1层117-2,,
北京市,欢乐口腔(英观分院),北京市-昌平区,北京市昌平区回龙观东大街3号楼-1至2层01,,
北京市,欢乐口腔(西直门分院),北京市-西城区,北京市西城区西直门外南大街06乙楼一层1哦、二层201,,
北京市,欢乐口腔(长楹分院),北京市-朝阳区,北京市朝阳区常通路2号院1号楼-2至5层101内地下2层B1-18b、B2-19,,
北京市,欢乐口腔(阜成门分院),北京市-西城区,北京市西城区阜成门外大街2号1幢1层S1002、S1003,,
北京市,欢乐口腔(龙泽分院),北京市-昌平区,北京市昌平区龙域西二路6号院1号楼121号房（1-2层）,,
北京市,欢乐口腔医院(顺义分院),北京市-顺义区,北京市顺义区仁和镇御龙花园三区27号楼3层301、4层401、5层501,,
北京市,欢乐固瑞齿科(大族广场店),北京市-经济技术开发区,北京市经济技术开发区荣华南路2号院9号楼2层F2-28-2,,
北京市,爵冠口腔(西三旗店),北京市-海淀区,北京市北京市海淀区西三旗沁春家园1号楼，2号楼，3号楼1层102—1006室,,
北京市,瑞泰口腔(丰台分院),北京市-丰台区,北京市丰台区南四环西路188号一区31楼,,
北京市,瑞泰口腔(亦庄分院),北京市-大兴区,北京市北京市大兴区北京市大兴区经济技术开发区文化园西路8号院30号楼1层底商,,
北京市,瑞泰口腔(亦庄分院),北京市-大兴区,北京市大兴区经济技术开发区文化园西路8号院30号楼1层底商,,
北京市,瑞泰口腔(北苑总院),北京市-朝阳区,北京市朝阳区北苑路媒体村天居园一号楼,,
北京市,瑞泰口腔(工体分院),北京市-东城区,北京市东城区工人体育场北路66号1-2层106（东四十条桥瑞士公寓底商）,,
北京市,瑞泰口腔医院(望京分院),北京市-朝阳区,北京市朝阳区广顺北大街18号院望京华彩国际会所一层（14号线东湖渠C口向东100米）,,
北京市,瑞泰海淀医院,北京市-海淀区,北京市海淀区小马厂华天大厦3层,,
北京市,瑞泰齿科(北苑店),北京市-朝阳区,北京市朝阳区北苑路绿色家园媒体村天居园1号楼,,
北京市,瑞泰齿科(望京店),北京市-朝阳区,北京市朝阳区广顺北大街18号院2号楼1层105A,,
北京市,瑞泰齿科陶然亭店,北京市-西城区,北京市西城区太平街甲6号富力摩根AB座底商110号,,
北京市,瑞鲨舒适口腔大悦城分院,北京市-朝阳区,北京市朝阳区朝阳北路99号楼1层,,
北京市,瑞鲨舒适口腔太阳宫分院,北京市-朝阳区,北京市朝阳区夏家园12号楼一层01商业103室,,
北京市,瑞鲨舒适口腔海淀分院,北京市-海淀区,北京市海淀区复兴路51号1幢1层1001-34（海淀万寿路凯德晶品一层东北角）,,
北京市,皓尔国际口腔(燕莎佳亿店),北京市-朝阳区,北京市朝阳区顺源街3号院10号楼二层南侧1号,,
北京市,皓尔国际口腔(通州万达店),北京市-通州区,北京市通州区新华西街58号院1号楼4层107-4060、4055,,
北京市,皓尔国际口腔(铂尔曼店),北京市-北京经济技术开发区,北京市北京经济技术开发区荣华南路12号院1幢二层,,
北京市,皓尔国际口腔儿童齿科(北京华联亦庄店),北京市-北京经济技术开发区,北京市北京经济技术开发区荣华中路8号院1号楼三层F3-31,,
北京市,知铭中医医院,北京市-朝阳区,北京市朝阳区南沙滩66号一号楼2层,,
北京市,科尔口腔(合生汇总院),北京市-朝阳区,北京市朝阳区西大望路甲20号院11号楼1层4单元,,
北京市,维乐口腔医院(丰台分院),北京市-丰台区,北京市丰台区蒲芳路1号楼二层1-11内6,,
北京市,维乐口腔医院(新城市分院),北京市-朝阳区,北京市朝阳区十里铺乙2号院5号楼1层501内F101,,
北京市,维乐口腔医院(日坛店),北京市-朝阳区,北京市朝阳区神路街39号10幢1至2层1段20,,
北京市,维乐口腔医院(花园路分院),北京市-海淀区,北京市海淀区花园北路35号9号楼一层101,,
北京市,维乐口腔医院(通州万达院),北京市-通州区,北京市通州区八里桥南街1号院1-1、1-2、1-3号,,
北京市,维乐口腔医院(酒仙桥总院),北京市-朝阳区,北京市朝阳区酒仙桥中路26号院1号楼-1至3层101号1层、2层、3层,,
北京市,维乐口腔医院(马连道分院),北京市-西城区,北京市西城区马连道南街2号院8号楼2层203,,
北京市,芽美口腔(大兴分院),北京市-大兴区,北京市大兴区永大路1号院16号楼1层104、105,,
北京市,芽美口腔(天通苑分院),北京市-昌平区,北京市昌平区东小口镇天通东苑一区12号楼-1至4层108,,
北京市,芽美口腔(常营店),北京市-朝阳区,北京市朝阳区常惠路6号楼1层109、2层207,,
北京市,英博京植口腔医院,北京市-朝阳区,北京市朝阳区广顺南大街21号院-1号楼,,
北京市,荷马优贝口腔(金鼎旗舰店),北京市-石景山区,北京市石景山区金顶北路20号院1栋1层101、2层201-012号,,
北京市,荷马口腔(回龙观店),北京市-昌平区,北京市北京市昌平区北京市昌平区回龙观龙泽园街道科星西路39号,,
北京市,荷马口腔(城关店),北京市-房山区,北京市房山区城关街道南大街49号,,
北京市,荷马口腔(旧宫店),北京市-大兴区,北京市大兴区旧忠路10号院2号楼1至2层101、102,,
北京市,荷马口腔(良乡南关店),北京市-房山区,北京市房山区良乡拱辰南大街93号嘉瑞通2号楼2-4,,
北京市,荷马口腔(西三旗旗舰院),北京市-海淀区,北京市海淀区西三旗街道宝盛西里37号楼2层201,,
北京市,荷马口腔(长阳店),北京市-房山区,北京市房山区长阳镇祥云街10号院6号楼1至2层106、1层107,,
北京市,荷马口腔(门头沟旗舰院),北京市-门头沟区,北京市门头沟区滨河西区皓月园3号楼滨河路117号,,
北京市,诺美口腔(亦庄门诊部),北京市-大兴区,北京市大兴区亦庄经济技术开发区天华园一里一区5号楼1层103,,
北京市,诺美口腔(大屯门诊部),北京市-朝阳区,北京市朝阳区北苑路120号安慧北里逸园6号楼底商,,
北京市,诺美口腔(角门门诊部),北京市-丰台区,北京市丰台区马家堡路154号院3号楼底商,,
北京市,诺美口腔(马连道门诊部),北京市-西城区,北京市西城区马连道南街1号院2号楼二层2-3诺美口腔,,
北京市,轻心口腔(朝阳公园店),北京市-朝阳区,北京市朝阳区水碓子北里 1 号六里屯街道,,
北京市,雅医家口腔,北京市-朝阳区,北京市北京市朝阳区西坝河东里UHN国际村2号院6号楼底商20号,,
北京市,雅德嘉口腔(五棵松店),北京市-海淀区,北京市海淀区西翠路17号18号楼一层,,
北京市,雅德嘉口腔(五路居店),北京市-海淀区,北京市海淀区五路居南街甲16号院4号楼2层03-4,,
北京市,雅德嘉口腔(时雨园店),北京市-海淀区,北京市海淀区世纪城时雨园底商甲1-8号,,
北京市,雅德嘉口腔儿牙正畸中心,北京市-海淀区,北京市海淀区万柳星标家园6号楼（便利店3）（海淀少年宫北侧）,,
北京市,雅德嘉口腔医院(光大水墨总院),北京市-海淀区,北京市海淀区万柳光大西园6号楼1层0118、2层0218、三层0318,,
北京市,雅德嘉口腔正畸种植中心(西山庭院店),北京市-海淀区,北京市海淀区天秀花园秋水园甲1号楼2层（正黄旗）,,
北京市,马泷齿科康樾门诊部(北京财富中心店),北京市-朝阳区,北京市朝阳区东三环中路7号3号楼1层E107,,
北京市,马泷齿科康雅门诊(朝外SOHO店),北京市-朝阳区,北京市朝阳区朝阳门外大街乙6号朝外SOHO-B座底商0131室,,
北京市,齿康口腔(传媒大学店),北京市-朝阳区,北京市朝阳区定福庄西里2号3号楼,,
北京市,齿康口腔(如意园店),北京市-通州区,北京市通州区如意园12号楼1层12-8,,
北京市,齿康口腔(科技大学店),北京市-朝阳区,北京市朝阳区管庄路（双桥蔬菜公司）7幢1层108,,
毕节市,七星关朗朗口腔门诊部,毕节市-七星关区,贵州省毕节市七星关区市东街道清毕路川滇商住楼8号门面二楼,,
毕节市,七星关邦瑞朗朗口腔门诊部,毕节市-七星关区,贵州省毕节市七星关区山街道洪南路瑞丰新城1号门面,,
毕节市,七星关鑫瑞朗朗口腔门诊部,毕节市-七星关区,贵州省毕节市七星关区碧阳街道碧阳国际城F地块兰乔圣菲项目S-1-2-2商铺,,
毕节市,京州口腔(招商花园店),毕节市-七星关区,贵州省毕节市七星关区碧阳街道文博路招商花园城商业3号楼2-1、3-1,,
毕节市,京州口腔(爱民广场店),毕节市-七星关区,贵州省毕节市七星关区洪山街道拥军路爱民场旁,,
毕节市,惠诚口腔(天河路店),毕节市-七星关区,贵州省毕节市七星关区市西街道箱子路安置房二楼2-1左侧（临天河路一侧）商铺,,
毕节市,惠诚口腔(招商店),毕节市-七星关区,贵州省毕节市七星关区碧阳街道文博路招商花园城A区文体中心栋2层2-4至2-13号,,
百色市,唯美口腔(百色店),百色市-右江区,广西百色市右江区平安路广安公园里一期B20、B21号商铺,,
保定市,1+1口腔门诊部,保定市-莲池区,河北省保定市莲池区西关街道建华大街702号(金马大厦底商),,
保定市,圣恩口腔,保定市-竞秀区,保定市竞秀区韩村乡化纤东生活区,,
保定市,张俊生口腔诊所,保定市-竞秀区,河北省保定市竞秀区恬静园底商1375号,,
保定市,朝阳社区卫生服务中心,保定市-竞秀区,河北省保定市竞秀区朝阳北大街718号（保定海关南行100米）,,
保定市,领秀门诊部,保定市-秀紫晶城东区,领秀紫晶城东区西门031号门脸,,
白山市,浑江区精工口腔,白山市-浑江区,吉林省白山市浑江区广厦安居114门市,,
白山市,白山市欣美口腔,白山市-浑江区,吉林省白山市浑江区红旗街团结路45号,,
白城市,徐伟东口腔医院,白城市-洮北区,吉林省白城市洮北区海明西路23-5号,,
白城市,朝阳牙科,白城市-洮北区,吉林省白城市洮北区长庆北街17-7号7室,,
本溪市,卫协口腔,本溪市-明山区,辽宁省本溪市明山区北地街道解放北路76号,,
巴彦淖尔市,晨博口腔,巴彦淖尔市-临河区,内蒙古自治区巴彦淖尔市临河区临河区先锋街道中央城南门,,
滨州市,博兴众诚口腔诊所,滨州市-博兴县,山东省滨州市博兴县锦秋街道办事处胜利二路实小幼儿园商品房,,
滨州市,牙博士口腔(渤海六路店),滨州市-滨城区,山东省滨州市滨城区北镇街道渤海六路698号鑫玮财富中心南一、二层,,
包头市,博仕洁口腔门诊部(高新店),包头市-九原区,内蒙古自治区包头市九原区稀土高新区建安大街丽晶名邸108底店,,
包头市,博洁仕口腔门诊部(九原店),包头市-九原区,内蒙古自治区包头市九原区麻池镇景富家园F区2号底店8号商铺,,
包头市,张文亮口腔,包头市-昆都仑区,内蒙古自治区包头市昆都仑区居然新城北门17栋115号底店,,
包头市,昆区永一华口腔门诊部,包头市-昆都仑区,"内蒙古自治区包头市昆都仑区保成上元名府S1-206,306底店",,
包头市,欢乐笑口腔,包头市-九原区,内蒙古自治区包头市九原区稀土开发区地税小区南门43号底店,,
包头市,贝洁雅口腔门诊部,包头市-东河区,内蒙古自治区包头市东河区巴彦塔拉大街璟华苑甲2—108号,,
包头市,贝特瑞尔口腔(九星店),包头市-青山区,内蒙古自治区包头市青山区科学路与富强路交叉路口九星广场－1号,,
包头市,贝特瑞尔口腔(包百店),包头市-昆都仑区,内蒙古自治区包头市昆都仑区前进道街道钢铁大街73号都市豪庭7-101、7-103、7-104,,
包头市,贝特瑞尔口腔(校园路店),包头市-昆都仑区,内蒙古自治区包头市昆都仑区黄河大街与丰盈路交叉口路南东亚世纪城文脉苑4-102、103,,
包头市,贝特瑞尔口腔(神华店),包头市-昆都仑区,内蒙古自治区包头市昆都仑区锡华世纪花园玫瑰苑RS1、RS2、RS3、RS4号,,
包头市,贝特瑞尔口腔(青东店),包头市-青山区,内蒙古自治区包头市青山区青福镇青东路19号保利花园沁心园1S-1—1S-8,,
巴中市,巴中牙一生口腔门诊,巴中市-巴州区,四川省巴中市巴州区巴州大道回风万达斑马线对面二楼,,
巴中市,青诚口腔(平昌店),巴中市-平昌县,四川省巴中市平昌县新华街东段-10号,,
巴中市,青诚口腔(恩阳店),巴中市-恩阳区,四川省巴中市恩阳区义阳二街恩阳汽车站西北侧约140米,,
巴中市,青诚口腔(江北店),巴中市-巴州区,四川省巴中市巴州区江北大道中段244号,,
巴中市,青诚口腔(蓝湾国际店),巴中市-巴州区,四川省巴中市巴州区小东门蓝湾国际广场旁,,
宝鸡市,兔博士口腔宝鸡分院,宝鸡市-渭滨区,渭滨区公园路一号商务楼4楼（胜利桥南十字东北角）,,
宝鸡市,兔博士口腔宝鸡高新分院,宝鸡市-高新开发区,宝鸡市高新开发区高新大道万润国际广场三层302号,,
宝鸡市,宝鸡美牙乐口腔医疗有限公司宝鸡高新美牙乐口腔门诊部,宝鸡市-渭滨区,宝鸡市渭滨区马营镇高新开发区马营镇创新路2号天玺东郡商铺2楼南段1,,
宝鸡市,洁雅口腔(锦园大厦店),宝鸡市-渭滨区,宝鸡市渭滨区桥南街道清姜路48号锦园大厦2层,,
博尔塔拉蒙古自治州市,靓齿口腔,博尔塔拉蒙古自治州市-维吾尔自治区,新疆维吾尔自治区博尔塔拉蒙古自治州博乐市建国路百合嘉园六号楼商铺1-9,,
保山市,德韩口腔(保山院区),保山市-隆阳区,云南省保山市隆阳区永昌街道正用北路五洲国际广场写字楼26层,,
池州市,安庆朱小龙口腔大渡口门诊,池州市-东至县,安徽省池州市东至县大渡口镇渡口花园,,
池州市,张庆波口腔诊所,池州市-贵池区,贵池区龙登凤凰城花园1栋106、107,,
池州市,汇景花园德兆口腔门诊部(罗城路店),池州市-贵池区,安徽省池州市贵池区安徽省池州市贵池区汇景国际花园17幢,,
池州市,苏文海口腔(大润发店),池州市-贵池区,安徽省池州市贵池区长江南路426号清溪南苑C1C2幢109、110、111门面,,
池州市,青阳张浩口腔诊所,池州市-青阳县,安徽省池州市青阳县蓉城镇山水华城13-1商铺,,
池州市,青阳张浩口腔门诊部,池州市-青阳县,安徽省池州市青阳县蓉城镇南溪府邸12幢101-102铺,,
大理白族自治州市,大理文呈吉祥口腔医院,大理白族自治州市-未知区域,云南省大理白族自治州大理市兴盛路滇西商务中心D3栋,,
大理白族自治州市,大理澄意口腔门诊部,大理白族自治州市-未知区域,云南省大理白族自治州大理市大理镇1806小镇A1-001号二楼,,
滁州市,凤阳格瑞特口腔门诊部,滁州市-凤阳县,安徽省滁州市凤阳县牡丹花园文化路147-149-151号,,
滁州市,凤阳爱牙乐口腔门诊部,滁州市-凤阳县,安徽省滁州市凤阳县凤阳县新城区凤凰路374号国际大酒店东门北50米,,
滁州市,凤阳牙匡爱牙乐口腔,滁州市-凤阳县,安徽省滁州市凤阳县府城镇宜文路25-29号,,
滁州市,友和口腔门诊部,滁州市-全椒县,安徽省滁州市全椒县襄河镇儒林南路777号时代花园5幢102、201、202号商铺,,
滁州市,天长齿舒健口腔门诊部,滁州市-未知区域,安徽省滁州市天长市园林路500号,,
滁州市,梁氏口腔门诊部,滁州市-未知区域,安徽省滁州市明光市池河大道育才花园楼下（免费停车）,,
滁州市,滁州市固德口腔医院,滁州市-琅琊区,安徽省滁州市琅琊区琅琊西路90号二楼,,
滁州市,雅美口腔门诊(吾悦广场店),滁州市-南谯区,安徽省滁州市南谯区吾悦广场小吃街农业银行二楼,,
潮州市,康华口腔（源城分院）,潮州市-未知区域,潮州市雅斯特国际酒店东50米,,
潮州市,潮州极至口腔数字化种植矫正中心,潮州市-未知区域,潮州市枫溪镇古板头新渠路2号综合楼,,
崇左市,坚齿口腔,崇左市-扶绥县,广西壮族自治区崇左市扶绥县松江路235号,,
承德市,承德森德口腔门诊部,承德市-双桥区,河北省承德市双桥区开发区君临逸城9号楼104底商,,
承德市,瑞邦口腔,承德市-双桥区,河北省承德市双桥区石洞子沟富华二期0#楼8107、8108商业,,
承德市,荟齿口腔,承德市-丰宁满族自治县,河北省承德市丰宁满族自治县大阁镇新丰北路4号通达商厦102户商业,,
承德市,诺植口腔,承德市-双桥区,承德市双桥区中华路街道武烈路江山名园102商业-2,,
承德市,诺美口腔(河北承德旗舰店),承德市-双桥区,河北省承德市双桥区桥东街道世纪城二期9#楼101、102铺,,
常德市,常德美奥口腔·专科医院,常德市-武陵区,武陵区府坪街道府坪巷社区朗州路138号鸿正苑小区A-01号楼201室,,
常德市,整齐天使口腔(城投新熙里店),常德市-武陵区,常德市武陵区穿紫河街道洞庭大道城投新熙里小区2栋3层305号,,
常德市,辰星齿科,常德市-武陵区,常德市武陵区白马湖街道人民路2877号(天源邻里坊商业9栋1层147、2层201-206号),,
沧州市,欢喜口腔,沧州市-新华区,沧州市新华区小赵庄乡颐和尚城四期项目综合楼D座119号商铺,,
沧州市,莱恩口腔(金鼎院区),沧州市-运河区,沧州市运河区南陈屯镇御河西路金鼎领域商业B区301铺,,
沧州市,鑫蕊一世界口腔,沧州市-运河区,河北省沧州市运河区解放西路一世界A座写字楼5楼,,
长沙市,美奥口腔矫正·种植(湘府店),长沙市-雨花区,雨花区五凌路298号湘府九号家园2栋,,
长沙市,优伢仕口腔(人民东路店),长沙市-芙蓉区,长沙市芙蓉区东屯渡街道人民东路199号世嘉.国际华城6号商铺6栋202号,,
长沙市,优伢仕口腔(思诺店),长沙市-芙蓉区,长沙市芙蓉区文艺路街道迎宾路46号(地铁迎宾路口8号出口),,
长沙市,优伢仕口腔(星沙店),长沙市-长沙县,长沙市长沙县星沙街道开元东路筑梦佳园1栋301号,,
长沙市,优伢仕口腔(曙光路店),长沙市-雨花区,长沙市雨花区左家塘街道曙光中路长房天翼未来城7栋1-2层1078号,,
长沙市,优伢仕口腔(汽车西站店),长沙市-岳麓区,长沙市岳麓区望城坡街道西二环汽车西站斜对面（望兴景园底商，地铁2C出口处）,,
长沙市,优伢仕口腔(洞井店）,长沙市-雨花区,长沙市雨花区井湾子街道洞井中路411号园康星都荟小区5栋105号、106号,,
长沙市,优伢仕口腔(特立西路店),长沙市-长沙县,"长沙市长沙县星沙街道特立西路筑梦星园商业体3栋4楼,麦当劳楼上",,
长沙市,优伢仕口腔(芙蓉南路店）,长沙市-天心区,长沙市天心区新开铺街道芙蓉南路通泰梅岭苑13栋401,,
长沙市,优伢仕口腔(银盆岭店),长沙市-岳麓区,长沙市岳麓区银盆岭街道岳麓大道59号,,
长沙市,优伢仕口腔(香樟路),长沙市-雨花区,长沙市雨花区井湾子街道香樟路168号湘樟家园1栋106房,,
长沙市,优伢仕口腔种植矫正中心(总院),长沙市-开福区,长沙市开福区四方坪街道车站北路388号兴佳名苑3层（地铁3号线四方坪站1号出口）,,
长沙市,优伢仕口腔（东宜门诊部）,长沙市-芙蓉区,长沙市芙蓉区马坡岭街道龟山路550号芙蓉生态新城b5栋208号,,
长沙市,美奥口腔矫正·种植(星沙店),长沙市-长沙县,长沙县星沙街道开元路与星沙大道交汇处西南角星沙商业乐园,,
长沙市,美奥口腔种植·矫正(河西店),长沙市-岳麓区,岳麓区金星中路199号格林星城,,
长沙市,美奥口腔种植·矫正（北辰院）,长沙市-开福区,开福区新河街道湘江北路三段1200号北辰三角洲C3区1005-1006、G层059-061号商铺,,
长沙市,美泰口腔门诊部(岳麓区),长沙市-岳麓区,湖南省长沙市岳麓区天顶街道麓谷大道19号达美梅溪苑2栋及商业裙楼3、4、5栋205,,
长沙市,美泰口腔门诊部(雨花区),长沙市-雨花区,湖南省长沙市雨花区木莲东路五江天街南区一期一栋3层,,
长沙市,美泰口腔门诊部（岳麓区）,长沙市-岳麓区,岳麓区天顶街道麓谷大道19号达美梅溪苑2栋及商业裙楼3、4、5栋205,,
长沙市,美泰口腔门诊部（雨花区）,长沙市-雨花区,长沙市雨花区木莲东路五江天街南区一期一栋3层,,
长沙市,茵美咸嘉湖口腔门诊部(咸嘉湖店),长沙市-岳麓区,长沙市岳麓区望城坡街道咸嘉湖西路119号中央美郡2栋105号房,,
长沙市,茵美齿科(和馨园店),长沙市-岳麓区,长沙市岳麓区麓谷街道高新开发区麓谷街道谷苑路和馨园二期C2栋103、104号门面,,
长沙市,茵美齿科(时代城店),长沙市-岳麓区,长沙市岳麓区望城坡街道桐梓坡西路138号长房时代城23G101第228号,,
长沙市,茵美齿科(梅溪湖店),长沙市-岳麓区,长沙市岳麓区梅溪湖街道踏雪路梅溪青秀3期3栋209-213,,
长沙市,茵美齿科(湘江世纪城店),长沙市-开福区,长沙市开福区芙蓉北路街道湘江世纪城咏江苑市政道路层11870号商铺,,
长沙市,茵美齿科(贺龙店),长沙市-天心区,长沙市天心区城南路街道白沙路281号,,
长沙市,茵美齿科(麓谷店),长沙市-岳麓区,长沙市岳麓区麓谷街道高新开发区麓谷街道桐梓坡西路319号可可小城二期1栋107.108.109号门面,,
长沙市,长沙华宝固德口腔门诊部,长沙市-岳麓区,长沙市岳麓区咸嘉湖街道旭辉都会山9栋2楼（2号线金星路站地铁口3号直梯出口）,,
长沙市,长沙市雨花区熙美鑫雅口腔门诊部,长沙市-雨花区,长沙市雨花区马王堆南路769号翼翔（天翼）花园8栋105-108号门面,,
长沙市,长沙市雨花区熙美鑫雅口腔门诊部,长沙市-雨花区,湖南省长沙市雨花区马王堆南路769号翼翔（天翼）花园8栋105-108号门面,,
长沙市,长沙美奥口腔医院有限公司,长沙市-雨花区,雨花区人民中路568号融圣国际10栋,,
长沙市,马泷齿科芙蓉门诊(IFS国金中心店),长沙市-芙蓉区,湖南省长沙市芙蓉区定王台街道解放西路188号长沙国金中心T1大楼21楼03-05单元,,
长沙市,马泷齿科芙蓉门诊（IFS国金中心店）,长沙市-芙蓉区,湖南省长沙市芙蓉区定王台街道解放西路188号长沙国金中心T1大楼21楼03-05单元,,
长春市,何氏口腔门诊,长春市-二道区,吉林省长春市二道区岭东路北钻石城1号楼134、135门市,,
长春市,公主岭诺雅口腔医院,长春市-未知区域,吉林省四平市公主岭市公主大街与岭西路交汇处东南角,,
长春市,张丹口腔,长春市-二道区,吉林省长春市二道区新华大道7号,,
长春市,张丹口腔门诊部(健腾逸品新洲店),长春市-二道区,吉林省长春市二道区吉林省长春市二道区逸品新洲北区8号楼,,
长春市,德惠市永恒口腔诊所,长春市-未知区域,吉林省长春市德惠市西五道街与二中央街交汇处西20米,,
长春市,文书优齿嘉口腔,长春市-宽城区,吉林省长春市宽城区新发街道新苑小区2号楼,,
长春市,文书口腔门诊部,长春市-宽城区,吉林省长春市宽城区站前街道汉口大街399号金街大厦,,
长春市,李永全口腔门诊,长春市-宽城区,吉林省长春市宽城区宽城万达广场西侧,,
长春市,榆树现代口腔,长春市-未知区域,吉林省长春市榆树市建设街工商行对过,,
长春市,爱齿口腔(东盛大街店),长春市-二道区,吉林省长春市二道区吉林大路与东盛大街交叉口南150米路西,,
长春市,牙博士口腔(农安店),长春市-农安县,吉林省长春市农安县吉林省长春市农安县德彪街1189号,,
长春市,现代口腔门诊部(中海分院),长春市-南关区,吉林省长春市南关区中海国际社区H3-112号,,
长春市,现代口腔门诊部(绿园分院),长春市-绿园区,吉林省长春市绿园区普阳街44号吉达花园门市,,
长春市,现代口腔门诊部(锦湖分院),长春市-南关区,吉林省长春市南关区锦湖大路澜花语岸1栋105号房,,
长春市,现代口腔门诊部(高新分院),长春市-朝阳区,吉林省长春市朝阳区硅谷大街1877号融创上城四期第63幢106号房,,
长春市,美优齐口腔,长春市-经开区,吉林省长春市经开区临河街与东南湖大路交汇中海紫御华府25栋,,
长春市,美嘉口腔诊所,长春市-二道区,吉林省长春市二道区亚泰花园桃花苑民丰大街安乐路西侧约100米,,
长春市,美雅口腔(工农大街店),长春市-未知区域,吉林省长春市榆树市工农大街15号,,
长春市,金麦口腔,长春市-朝阳区,吉林省长春市朝阳区硅谷大街与朗新路交汇,,
长春市,长春市南关区栀艾口腔门诊部,长春市-南关区,吉林省长春市南关区億金街c1-2号楼302号,,
长春市,高新技术产业开发区德瓦口腔门诊部,长春市-朝阳区,吉林省长春市朝阳区怡众名城东一门德瓦齿科,,
郴州市,六六六口腔责任有限公司张元门诊分部,郴州市-北湖区,郴州市北湖区燕泉街道今日兴城香雪大道112、204、302房(南塔公园南门正对面),,
郴州市,牙壹生矫正·修复·儿童口腔中心(北湖商业城店),郴州市-北湖区,郴州市北湖区北湖街道同心路北湖商业城2栋101房,,
朝阳市,凌源鹤铭口腔(小西街店),朝阳市-未知区域,辽宁省朝阳市凌源市朝阳路西段20-3-8号,,
朝阳市,牙博仕口腔医院,朝阳市-双塔区,辽宁省朝阳市双塔区新华路二段55号,,
赤峰市,北京西诺口腔赤峰分院,赤峰市-松山区,内蒙古自治区赤峰市松山区皇家帝苑A区南门东侧,,
赤峰市,卓康口腔门诊部,赤峰市-红山区,内蒙古自治区赤峰市红山区桥北金宇国际B区西门,,
赤峰市,品美口腔,赤峰市-松山区,内蒙古自治区赤峰市松山区晨曦花苑南门23号楼02011,,
赤峰市,喀喇沁旗瑞佳口腔诊所(锦山大街店),赤峰市-内蒙古自治区,内蒙古自治区赤峰市喀喇沁旗锦山大街农业局对面,,
赤峰市,孙艺口腔门诊部,赤峰市-红山区,内蒙古自治区赤峰市红山区元园林路北馨花园二期门口西5号厅,,
赤峰市,孙艺口腔门诊部,赤峰市-红山区,内蒙古自治区赤峰市红山区赤峰市红山区元园林路北馨花园二期门口西5号厅,,
赤峰市,张宇口腔,赤峰市-内蒙古自治区,内蒙古自治区赤峰市巴林右旗大板镇巴林丽都8号楼,,
赤峰市,赤峰市品美口腔富和园店,赤峰市-松山区,内蒙古自治区赤峰市松山区品美口腔富和园店,,
赤峰市,赤峰福汇口腔医疗有限公司,赤峰市-松山区,内蒙古自治区赤峰市松山区新城区临潢大街与天义路交叉口中通矿业二楼,,
常州市,YOHO优禾口腔(吾悦国际店),常州市-钟楼区,江苏省常州市钟楼区怀德南路79-1号,,
常州市,今日口腔(新北店),常州市-新北区,江苏省常州市新北区典雅商业广场3幢四层3号,,
常州市,卡西瓦口腔(金坛店),常州市-金坛区,江苏省常州市金坛区丹阳门北路1号,,
常州市,天禧广化口腔,常州市-钟楼区,江苏省常州市钟楼区荷花池街道延陵西路168号西侧裙房一楼,,
常州市,益民口腔(文化路店),常州市-金坛区,常州市金坛区西城街道文化路金溪新村1栋56号,,
常州市,益美口腔(勤业莱茵郡店),常州市-钟楼区,江苏省常州市钟楼区高成来茵花苑129幢104、105、106号,,
常州市,益美口腔(勤业莱茵郡店),常州市-钟楼区,常州市钟楼区五星街道星湖北路高成莱茵花苑北区129幢104-105号（劳动西路星湖北路交叉口）,,
常州市,茂菊口腔(金地分院),常州市-钟楼区,常州市钟楼区金地花苑3-101、201号,,
常州市,贝荷口腔(常州吾悦店),常州市-钟楼区,江苏省常州市钟楼区怀德中路48号申龙商务广场西座1层1-104号商铺,,
常州市,金坛牙卫士口腔,常州市-金坛区,江苏省常州市金坛区南环一路802号,,
常州市,金甸口腔(武进店),常州市-武进区,常州市武进区湖塘镇广电西路192号,,
长治市,亚好口腔连锁(潞州店),长治市-潞州区,山西省潞州区英雄北路51号（八一广场北500米）,,
长治市,亿大口腔(泽馨苑店),长治市-潞州区,长治市潞州区大辛庄街道泽馨苑小区58-60号楼7号商铺,,
长治市,众仁门诊部,长治市-未知区域,长治市景家庄青年公寓正门,,
长治市,众雅门诊部,长治市-未知区域,长治市益东大酒店往北50米,,
长治市,和谐口腔医院,长治市-未知区域,长治市第二人民医院急诊对面,,
长治市,小苹果口腔(屯留店),长治市-屯留区,山西省长治市屯留区山西省长治市屯留区曙光商业街往南200米路东小苹果口腔,,
长治市,贾掌口腔(府秀店),长治市-潞州区,长治市潞州区长治经济技术开发区潞州区部分捉马西大街67号,,
长治市,贾掌口腔门诊(保宁门店),长治市-潞州区,长治市潞州区长治经济技术开发区潞州区部分高新技术产业开发区保宁门西街景山花园1号商铺,,
长治市,贾掌口腔门诊(八一广场店),长治市-潞州区,长治市潞州区太行西街街道太行西街25号,,
长治市,长兴口腔医院,长治市-潞州区,长治市潞州区英雄中路街道长兴中路158号(财苑往南50米)(财苑大厦往南50米路西),,
长治市,长治亿大口腔医院,长治市-未知区域,长治市太行西街昆仑巷祥云大厦4-7号商铺,,
长治市,长治仁合口腔,长治市-潞州区,山西省长治市潞州区太岳西大街城市枫景小区楼下,,
长治市,长治众齿汇口腔门诊部,长治市-潞州区,山西省长治市潞州区保宁门西街潞泽嘉园299-21商铺（金威超市东50米）,,
长治市,长治哎牙口腔门诊部,长治市-潞州区,山西省长治市潞州区英雄南路金山国际广场（南街大转盘西北角）,,
长治市,长治瑞波特(兔子)口腔,长治市-潞州区,山西省长治市潞州区捉马西大街沁芳苑南门3号商铺,,
长治市,长治皓齿口腔门诊,长治市-屯留县,山西省长治市屯留县瓶城苑中区B23号,,
长治市,雅好口腔连锁(上党区),长治市-上党区,长治市上党区体育场对面凯德世家广场1#2#4号商铺雅好口腔,,
长治市,雅好口腔连锁(潞城店),长治市-潞城区,山西省长治市潞城区潞华街道中华西街丰隆泽福湾西楼,,
成都市,华美牙科华阳龙灯山店,成都市-双流区,四川省成都市双流区华阳街道华阳大道四段37号、39号、41号,,
成都市,华美牙科双流万顺店,成都市-双流区,四川省成都市双流区协和街道万顺一段68号附16-19号2楼,,
成都市,华美牙科成华高地店,成都市-成华区,四川省成都市成华区成华区建设南新路85号附1号,,
成都市,华美牙科温江佳年华店,成都市-温江区,四川省成都市温江区温江区清泉北街519号A区9栋2层5、6室,,
成都市,华美牙科邛崃凯祥店,成都市-未知区域,四川省成都市邛崃市临邛街道君平大道397号附7号（二楼华美牙科）,,
成都市,华美牙科郫县望东店,成都市-郫都区,四川省成都市郫都区郫都区郫筒镇望东路36-38号(郫县疾控中心正对面),,
成都市,华美牙科郫都龙城国际店,成都市-郫都区,四川省成都市郫都区红光镇银润北二路123号2楼,,
成都市,华美牙科都江堰枫尚店,成都市-都江堰奎光塔街道安顺社区,四川省成都市都江堰奎光塔街道安顺社区康兮路100、102号,,
成都市,华美牙科都江堰民主小区店,成都市-都江堰奎光塔街道民丰社区,四川省成都市都江堰奎光塔街道民丰社区青城半岛集中商业街附75号,,
成都市,华美牙科都江堰银杏店,成都市-未知区域,四川省成都市都江堰幸福镇都江堰大道217号丽水商厦2楼,,
成都市,华美牙科金堂北一横道店,成都市-金堂县,四川省成都市金堂县金堂县赵镇山王庙街100-106号,,
成都市,华美牙科金堂华美口腔医院,成都市-金堂县,四川省成都市金堂县金堂县十里大道二段180~188号,,
成都市,华美牙科金牛交大路店,成都市-金牛区,四川省成都市金牛区金牛区长庆路5号附36号2层,,
成都市,华美牙科金牛沙湾店,成都市-金牛区,四川省成都市金牛区金牛区金沙北一路104号,,
成都市,华美牙科钱江美域店,成都市-未知区域,四川省成都市都江堰灌口镇蒲阳路884号（钱江美域西北门）,,
成都市,华美牙科锦江曼购店,成都市-锦江区,四川省成都市锦江区锦江区枫树街2号卓锦曼购中心L4-02-1号,,
成都市,华美牙科青羊万达店,成都市-青羊区,四川省成都市青羊区青羊万达广场芙蓉里金街2栋2楼（2号门好利来旁）,,
成都市,华美牙科青羊省医院店,成都市-青羊区,四川省成都市青羊区青羊区一环路西二段,,
成都市,华美牙科龙泉三千庭店,成都市-龙泉驿区,四川省成都市龙泉驿区龙泉驿区大面街道金枫路520号龙湖三千庭,,
成都市,华美牙科龙泉北泉店,成都市-龙泉驿区,四川省成都市龙泉驿区北泉路1018号皇冠国际社区3期（永辉超市二楼）,,
成都市,双流华美口腔医院,成都市-双流区,四川省成都市双流区双流区东升镇塔桥路三段一号,,
成都市,得仕齿科,成都市-锦江区,四川省成都市锦江区东大路577号环球贸易广场写字楼一期901-903,,
成都市,德贝口腔(都江堰店),成都市-未知区域,四川省成都市都江堰市幸福街道都江堰大道中段4栋2层2号,,
成都市,成都圣贝青羊店,成都市-青羊区,四川省成都市青羊区鼓楼北四街99号,,
成都市,成都圣贝高新店,成都市-武侯区,四川省成都市武侯区桂溪西街60号,,
成都市,成都圣贝龙泉店,成都市-龙泉驿区,四川省成都市龙泉驿区龙泉驿区创业北街16号(万达旁),,
成都市,成都圣贝龙腾店,成都市-武侯区,四川省成都市武侯区龙腾东路3号,,
成都市,成都天府新区尚钰口腔门诊部,成都市-天府新区,四川省成都市天府新区天府大道南段2385号1栋附313号尚钰口腔,,
成都市,成都天府新区马泷皓康口腔门诊部,成都市-双流区,四川省成都市双流区邻坊路11号麓坊中心B馆5栋1层106号马泷齿科,,
成都市,成都成华光华诊所,成都市-成华区,四川省成都市成华区前锋街1号附10号,,
成都市,成都成华牙牙乐口腔门诊部有限公司,成都市-成华区,四川省成都市成华区府华二路68号3栋,,
成都市,成都青羊鲸贝贝儿童口腔门诊部,成都市-青羊区,四川省成都市青羊区清江西路51号2栋1单元2层201室,,
成都市,新都华美口腔医院,成都市-新都区,四川省成都市新都区新都区新园路359号（中医院对面）,,
成都市,新都鑫锐口腔(学院路店),成都市-新都区,成都市新都区新都街道学院路西段9栋2层,,
成都市,新都鑫锐口腔(属龙路店),成都市-新都区,四川省成都市新都区新都街道蜀龙大道中段801号11幢5 9、20-29号一层,,
成都市,明悦口腔,成都市-青羊区,四川省成都市青羊区光华西一路3号,,
成都市,春雨口腔,成都市-龙泉驿区,四川省成都市龙泉驿区龙泉街道北泉路481号,,
成都市,月牙儿口腔,成都市-武侯区,四川省成都市武侯区太平园中五路66号,,
成都市,极光口腔(SM广场店),成都市-成华区,成都市成华区二环路东二段22号,,
成都市,极光口腔(武侯店),成都市-武侯区,成都市武侯区二环路南四段69号1栋1层1号部分及1栋2层部分商业用房,,
成都市,极光口腔(金牛店),成都市-金牛区,成都市金牛区营门口路48号1栋3单元201-222,,
成都市,泰康拜博口腔(来福士院区),成都市-武侯区,成都市武侯区来福士广场T4雅诗阁4楼,,
成都市,泰康拜博口腔(金牛总院),成都市-金牛区,四川省成都市金牛区成都市金牛区一环路北四段164号,,
成都市,泰康拜博口腔(锦江院区),成都市-锦江区,成都市锦江区东大街紫东楼段35号1栋1单元一层,,
成都市,瑞泰口腔世纪城门诊,成都市-高新区,四川省成都市高新区天府大道中段500号1栋附236-238号,,
成都市,瑞泰口腔建设路门诊,成都市-成华区,四川省成都市成华区建设路1号附5、6、9号,,
成都市,瑞泰口腔悦街分院,成都市-锦江区,四川省成都市锦江区通汇街与汇泉北路交汇处中粮·鸿云悦街,,
成都市,瑞泰口腔武侯医院,成都市-武侯区,四川省成都市武侯区人民南路四段51号附21号（长寿路口）,,
成都市,瑞泰口腔西宸门诊,成都市-金牛区,四川省成都市金牛区花照壁西顺街388号4期1栋1单元2层7.8.9号,,
成都市,瑞泰口腔贝森门诊,成都市-青羊区,四川省成都市青羊区贝森南路37号附18号7栋3层1号 (原洁森牙科),,
成都市,瑞泰口腔金融街门诊,成都市-武侯区,四川省成都市武侯区交子大道88号AFC中航国际广场A座110号（乐山银行旁）,,
成都市,瑞泰口腔银泰门诊,成都市-高新区,四川省成都市高新区益州大道与天府四街交汇处银泰城购物中心,,
成都市,英博口腔(武侯店),成都市-武侯区,四川省成都市武侯区二环路南四段69号1栋1层1号,,
成都市,英博口腔(青羊旗舰店),成都市-青羊区,四川省成都市青羊区西玉龙街8号1-3层,,
成都市,雅乐口腔(高攀路店),成都市-武侯区,成都市武侯区高攀东路28号、30号、30号附1号、32号1层,,
成都市,马泷齿科(成都IFS国金中心店),成都市-锦江区,四川省成都市锦江区红星路三段1号国际金融中心二号办公楼2202号,,
成都市,马泷齿科成都天府新区翎德口腔门诊部,成都市-双流区,四川省成都市双流区兴康三街500号成都天府大悦城B冠4楼410,,
成都市,马泷齿科睦康门诊(银泰IN99店),成都市-武侯区,四川省成都市武侯区天府大道北段1199号成都银泰中心L601a号,,
重庆市,嘉悦口腔医院连锁(巴南鱼洞门诊),重庆市-巴南区,重庆市巴南区莲花街道新市街47号2-1,,
重庆市,明好口腔医院·种植矫正中心,重庆市-九龙坡区,重庆市九龙坡区渝州路街道渝州路重庆明好综合医院(近轨道交通1号线石桥铺3号出口),,
重庆市,美牙健口腔(巴南万达广场店),重庆市-巴南区,重庆市巴南区龙洲湾街道渝南大道307号附27号(万达金街D区),,
重庆市,重生口腔医院(观音桥店),重庆市-两江新区,重庆市两江新区观音桥建新东路4号二层(建新东路古茗奶茶楼上、平价客栈通道上),,
重庆市,8020口腔（黄泥磅店）,重庆市-两江新区,两江新区黄泥磅紫荆商业广场二期6幢1-商铺6-13,,
重庆市,KMAO固而美口腔·美学修复中心,重庆市-两江新区,重庆市两江新区金渝大道83号,,
重庆市,中新美尔口腔,重庆市-两江新区,两江新区新南路160号龙湖晶郦馆L2,,
重庆市,中社大口腔(璧山总院),重庆市-璧山区,重庆市重庆市璧山区向阳街132号,,
重庆市,中社大口腔(璧山总院),重庆市-璧山区,重庆市璧山区向阳街132号,,
重庆市,中科泽仁口腔医院,重庆市-两江新区,重庆市两江新区义学路2号1幢3-商场3-1,,
重庆市,中附大口腔(荣昌院区),重庆市-荣昌区,重庆市荣昌区迎宾大道16号附2号,,
重庆市,乐观口腔,重庆市-两江新区,重庆市两江新区宝圣大道西南政法大学校医院一楼,,
重庆市,云嘉口腔(沙北街店),重庆市-沙坪坝区,重庆市沙坪坝区沙北街88-27-3号,,
重庆市,众博仕口腔(南川院区),重庆市-南川区,重庆市南川区金龙路6号,,
重庆市,众植博仕口腔(云阳店),重庆市-云阳县,重庆市云阳县云江大道1253号,,
重庆市,众植博仕口腔(双福时代广场店),重庆市-江津区,重庆市江津区双福时代广场星街建设银行楼上四楼,,
重庆市,众植博仕口腔(垫江院区),重庆市-垫江县,重庆市垫江县桂阳街道凤山西路盛世华都B组团2号楼3单元2-1,,
重庆市,众植博仕口腔(大学城院区),重庆市-沙坪坝区,重庆市沙坪坝区大学城北路与大学城中路交叉口西南450米,,
重庆市,众植博仕口腔(巴南院区),重庆市-巴南区,重庆市巴南区巴县大道91号,,
重庆市,众植博仕口腔(涪陵店),重庆市-涪陵区,"重庆市涪陵区兴华中路65号附2,附3,附4号",,
重庆市,众植博仕口腔(璧山院区),重庆市-璧山区,重庆市璧山区红宇大道23号(红宇大桥西桥头),,
重庆市,众植博仕口腔·联大精品店,重庆市-沙坪坝区,重庆市沙坪坝区渝碚路街道渝碚路88号(沙坪坝地铁站出入口步行260米),,
重庆市,众植博仕口腔涪陵院区,重庆市-涪陵区,重庆市重庆市涪陵区兴华中路八段65号集美置业三楼( 消防队旁）,,
重庆市,佳华口腔,重庆市-江津区,江津区福云大道724号佳华医院大门2楼,,
重庆市,佳成口腔,重庆市-江津区,江津区几江街道大西门荣华建司综合楼1幢2层1号、3层1号,,
重庆市,北碚摩尔口腔,重庆市-未知区域,中山路7号乡村基楼上,,
重庆市,协尔口腔(南坪店）,重庆市-南岸区,"南岸区南坪街道惠工路15号1,2单元商业用房2号",,
重庆市,博飞口腔（丰都店）,重庆市-丰都县,丰都县龙河东组团安置房B区东北门西北110米,,
重庆市,可美口腔（双碑店）,重庆市-沙坪坝区,沙坪坝区双碑地铁站2号出口中国移动楼上,,
重庆市,可美口腔（观音桥店）,重庆市-两江新区,两江新区盈嘉中心21-6-7,,
重庆市,可美口腔（重大店）,重庆市-沙坪坝区,沙坪坝区沙坪坝北街88-27-3号,,
重庆市,同舟口腔,重庆市-黔江区,黔江区城西街道新华大道西段1099号A栋公司二楼,,
重庆市,启明口腔(石柱万兴路店),重庆市-石柱土家族自治县,重庆市石柱土家族自治县南宾街道万兴路36号城佳雅苑第2栋1-17号,,
重庆市,呀呀口腔连锁品牌·儿童青少年矫正,重庆市-九龙坡区,重庆市九龙坡区白欣路西城金街,,
重庆市,嘉合口腔(南桥寺),重庆市-两江新区,两江新区石马河街道盘溪七支路9号永辉生活广场店B2楼,,
重庆市,嘉合口腔(曹家湾),重庆市-两江新区,两江新区博兴路橙光里商业中心二楼,,
重庆市,圣悦口腔(万州),重庆市-万州区,万州区白岩路18号诚盛大厦5楼,,
重庆市,圣悦口腔(巫溪),重庆市-巫溪县,巫溪县滨河北路与保宁桥交叉口西100米,,
重庆市,圣菲亚口腔,重庆市-两江新区,两江新区龙塔街道尚品路778号鲁能星城第六街区14幢1-商10,,
重庆市,壹禾口腔(约克郡店),重庆市-两江新区,重庆市两江新区重庆市北部新区怡景路88号附1号4号、12号,,
重庆市,尖兵口腔,重庆市-丰都县,重庆市丰都县久桓大道234号,,
重庆市,康馨口腔,重庆市-大渡口区,重庆市大渡口区钢花路66号新宝龙2栋2单元,,
重庆市,惠优植口腔·华晨,重庆市-南岸区,重庆市南岸区水云路城南家园-六组团,,
重庆市,拉特芳斯口腔,重庆市-沙坪坝区,沙坪坝区西永微电园拉特芳斯一街区2栋C馆3楼306.307(咪哆网咖旁),,
重庆市,拜尔口腔连锁(观音桥总院),重庆市-江北区,重庆市江北区观音桥街道西环路8号朗晴广场2楼,,
重庆市,星星口腔,重庆市-两江新区,两江新区兴馨嘉园小区北1门旁,,
重庆市,普乐米口腔华晨(北碚店),重庆市-北碚区,重庆市北碚区龙溪路梨园村60号重庆北碚吾悦广场,,
重庆市,有家口腔,重庆市-丰都县,丰都县久桓大道与金竹滩路交叉口东南60米,,
重庆市,望山水口腔诊所,重庆市-两江新区,两江新区红叶路与星辰支路交叉口西80米,,
重庆市,正柏口腔,重庆市-沙坪坝区,重庆市沙坪坝区汉渝路重庆一中南侧约40米,,
重庆市,正舸优德口腔(冉家坝门诊部),重庆市-渝北区,重庆市渝北区龙山二路57号春风城市心筑8栋301室,,
重庆市,正舸口腔(南坪店),重庆市-南岸区,重庆市南岸区亚太路9号,,
重庆市,正舸口腔(大渡口店),重庆市-大渡口区,重庆市大渡口区西城大道万达广场3楼3001号,,
重庆市,正舸口腔(盘龙店),重庆市-九龙坡区,重庆市九龙坡区火炬大道11号2楼,,
重庆市,正舸口腔(重庆天地店),重庆市-渝中区,重庆市渝中区瑞天路172号,,
重庆市,正舸口腔(金辉广场店),重庆市-南岸区,重庆市南岸区风临路7号金辉广场F1,,
重庆市,正舸口腔(龙山二路店),重庆市-渝北区,重庆市渝北区龙山二路春风城市心筑,,
重庆市,江津启辰口腔,重庆市-江津区,重庆市江津区几江街道（小什字）新街子1幢第三层、第四层,,
重庆市,泓瑞口腔·华晨(永川胜利路店),重庆市-永川区,重庆市永川区胜利路街道胜利路216号,,
重庆市,泰齿口腔(景谷路店),重庆市-两江新区,两江新区康美街道景谷路6号附47号2-5,,
重庆市,泰齿口腔(袁家岗店),重庆市-九龙坡区,九龙坡区袁家岗158号17幢2-8号,,
重庆市,泽优口腔（涪陵店）,重庆市-涪陵区,涪陵区南门山五桂堂3楼,,
重庆市,渝一口腔,重庆市-九龙坡区,重庆市九龙坡区直港大道17-15号,,
重庆市,渝博口腔（恒大中渝广场店）,重庆市-两江新区,两江新区恒大中渝广场2层,,
重庆市,爱惜牙口腔,重庆市-两江新区,两江新区龙塔街道紫荆路188号,,
重庆市,爱牙意口腔,重庆市-两江新区,两江新区悦山路30号附13号,,
重庆市,牙博士口腔(南川院区),重庆市-南川区,重庆市南川区西城街道渝南大道9号城投天元商业楼(万达广场2号门马路对面),,
重庆市,牙博士口腔(大足院区),重庆市-大足区,重庆市大足区龙岗街道办事处北环中路215号附1号,,
重庆市,牙博士口腔(开州院区),重庆市-开州区,重庆市开州区开州大道(中)御金洲大酒店,,
重庆市,牙博士口腔(潼南院区),重庆市-潼南区,重庆市潼南区梓潼街道办事处接龙街13号,,
重庆市,牙博士口腔(铜梁院区),重庆市-铜梁区,重庆市铜梁区巴川街道龙都路71号,,
重庆市,牙院仕口腔,重庆市-綦江区,重庆市綦江区九龙大道51号附24号,,
重庆市,牙院长口腔(天安仕锦阁店),重庆市-沙坪坝区,重庆市沙坪坝区天陈路16号附12号天安仕锦阁一楼,,
重庆市,珑山口腔,重庆市-两江新区,重庆市两江新区余松路397号,,
重庆市,瑞呈口腔（沙坪坝）,重庆市-沙坪坝区,沙坪坝区丰文大道10号附9号、16号,,
重庆市,瑞呈口腔（璧山）,重庆市-璧山区,璧山区壁泉街道东山路4号附4号2-1,,
重庆市,瑞拉口腔(人民西路）,重庆市-永川区,永川区人民西路10-27号,,
重庆市,瑞拉口腔(泉山路),重庆市-璧山区,璧山区泉山路9号,,
重庆市,瑞齿口腔中心(南桥寺院),重庆市-南岸区,重庆市南岸区南坪街道南城大道198号第1层附7号,,
重庆市,瑞齿口腔（南桥寺店）,重庆市-两江新区,两江新区南桥寺可乐小镇B区1-52,,
重庆市,畅恩口腔,重庆市-两江新区,两江新区建新东路96号附8-9号,,
重庆市,白沙启辰口腔,重庆市-江津区,重庆市江津区白沙镇白沙大道64号（御景豪阁）大转盘旁,,
重庆市,皓牙口腔,重庆市-万州区,重庆市重庆市万州区沙龙路(商贸城)一段801号1层,,
重庆市,益尔口腔,重庆市-江津区,江津区元帅大道紫金商业广场29号新韵满庭后门(中信银行旁),,
重庆市,益林口腔.原谭东升口腔（水岸国际店）,重庆市-铜梁区,重庆市铜梁区金龙大道104号（水岸国际北区）2-16.2-17-2-18.-2-19.2-20,,
重庆市,砚禾口腔·矫正·种植中心(南岸店),重庆市-南岸区,重庆市南岸区涂山镇腾龙大道50号附32号、附33号,,
重庆市,礼悦口腔,重庆市-两江新区,两江新区礼嘉街道礼慈路16号中交嘉博智慧停车楼3楼,,
重庆市,禾东齿科,重庆市-渝北区,重庆市渝北区天山大道西段4号1幢3-7、8、9号,,
重庆市,紫兰嘉口腔·华晨,重庆市-巴南区,重庆市巴南区-富城路重庆市界石中学北侧约40米,,
重庆市,美瑞尔口腔,重庆市-两江新区,两江新区红石路317号东原D8公馆F1层,,
重庆市,美连口腔,重庆市-江北区,重庆市江北区建新东路36号,,
重庆市,美迪亚口腔,重庆市-黔江区,重庆市黔江区城东街道石城路129号,,
重庆市,至臻明心口腔(松石北路店),重庆市-渝北区,重庆市渝北区松石北路金岛花园,,
重庆市,艾美齿口腔(保利观塘店）,重庆市-南岸区,"南岸区二塘路65号附35号2-18,2-19",,
重庆市,英博口腔(万州店),重庆市-万州区,重庆市万州区太白街道和平广场19号1幢1-商铺3,,
重庆市,荣昌中附大口腔,重庆市-荣昌区,重庆市重庆市荣昌区昌州街道迎宾大道16号附2号2-1,,
重庆市,蜀源口腔(茶园分院),重庆市-南岸区,重庆市南岸区水云路3号(长生桥地铁站4号口步行240米),,
重庆市,贝乐口腔(万达店),重庆市-永川区,重庆市永川区三星路俊豪宽天下,,
重庆市,重庆亿佰口腔,重庆市-渝北区,重庆市重庆市渝北区重庆市重庆市渝北区龙塔街道红黄路373号（司法局旁）,,
重庆市,重庆市大足区牙益美口腔诊所管理连锁有限公司,重庆市-未知区域,大足吾悦广场旁原国兴三期售楼部2楼,,
重庆市,重庆市黔江区同舟口腔诊所,重庆市-黔江区,"重庆市黔江区城西街道新华大道西段 1099
号A栋(西山步行街口建工集团二楼)",,
重庆市,重庆泽泰口腔,重庆市-九龙坡区,重庆市重庆市九龙坡区杨家坪街道西郊三村2号印象汇2楼,,
重庆市,重庆瓴洋齿科,重庆市-渝北区,重庆市重庆市渝北区金渝大道58号龙湖爱加两江星悦荟F2,,
重庆市,重庆美奥口腔,重庆市-渝北区,重庆市渝北区松牌路a组团3幢115号附3号,,
重庆市,重庆贝浮德奥口腔,重庆市-未知区域,俊豪中央大街元祖旁电梯上三楼,,
重庆市,长嘉口腔,重庆市-江北区,重庆市江北区福泉路龙湖·源著-南区,,
重庆市,长寿万家美口腔,重庆市-长寿区,重庆市重庆市长寿区向阳路协信购物广场(向阳路店),,
重庆市,雅博尔口腔,重庆市-南岸区,重庆市重庆市南岸区江南大道29号1栋5号,,
重庆市,静一口腔,重庆市-九龙坡区,九龙坡区花卉茗居综合楼2层,,
重庆市,颂鹿口腔(万科城店),重庆市-两江新区,重庆市两江新区人和街道金山大道28号附84~85号,,
重庆市,颂鹿口腔(九龙坡店),重庆市-九龙坡区,重庆市九龙坡区科城路红星美凯龙(二郎商场店)东门东南侧约100米,,
重庆市,齿禾口腔（黄角坪店）,重庆市-九龙坡区,九龙坡区黄桷坪搬运西村158号附3号,,
东方市,微笑牙科口腔(东方门诊部),东方市-未知区域,东方市八所镇东方大道7-7号,,
东莞市,国贸口腔（国贸城店）,东莞市-未知区域,东莞市东城街道火炼树鸿福路东路1号国贸城L2层L2018、L2019号商铺,,
东莞市,国贸口腔（大朗店）,东莞市-未知区域,广东省东莞市大朗镇富民中路328号201室,,
东莞市,国贸口腔（常平院区）,东莞市-未知区域,广东省东莞市常平镇常平振兴路2号1栋301室,,
东莞市,国贸口腔（长安店）,东莞市-未知区域,广东省东莞市长安镇莲峰北路68号101室,,
东莞市,东莞暨博口腔医院,东莞市-未知区域,东莞南城街道元美东路5号5栋201室,,
东莞市,固德口腔数字化矫正中心（厚街万达院）,东莞市-未知区域,东莞市厚街镇万达广场4楼（电影院旁）,,
东莞市,固德口腔（万江华南mall院区）,东莞市-未知区域,东莞市万江街道万道路万江段24号153室（万江华南摩尔）,,
东莞市,固德口腔（南城总院）,东莞市-未知区域,东莞市体育路南城段南北大厦13号,,
东莞市,固德口腔（石龙一分院）,东莞市-未知区域,东莞石龙镇京瓷路5号212室,,
东莞市,固德口腔（虎门万科院）,东莞市-未知区域,东莞市虎门长德路168号万科城130号商业楼商铺201号虎门万科南部湾,,
东莞市,固德口腔（蜂汇广场院）,东莞市-南城街道宏图路65号2楼（漾城小区,东莞市南城街道宏图路65号2楼（漾城小区旁）,,
东莞市,国贸口腔（塘厦店）,东莞市-未知区域,广东省东莞市塘厦镇塘厦大道中56号101室,,
东莞市,国贸口腔（大岭山店）,东莞市-未知区域,广东省东莞市大岭山镇大岭山教育路71号301房,,
东莞市,国贸口腔（麻涌店）,东莞市-未知区域,广东省东莞市麻涌镇麻涌大道190号富盈商业广场3栋101室、102室、103室,,
东莞市,好佰年口腔（东城总院）,东莞市-东城街道岗贝社区,东莞市东城街道岗贝社区东城路286号世博广场H区左栋4楼,,
东莞市,好佰年口腔（东达分院）,东莞市-未知区域,广东省东莞市东城街道东纵路东城段208号东城万达广场1栋603室,,
东莞市,好佰年口腔（虎门万达分院）,东莞市-未知区域,广东省东莞市虎门镇连升路139号203室,,
东莞市,好佰年口腔（虎门金洲分院）,东莞市-未知区域,广东省东莞市虎门镇太沙路128号301室,,
东莞市,爱雅健口腔连锁(下桥店),东莞市-未知区域,东莞市东城街道银珠街2号之一301室,,
东莞市,爱雅健口腔连锁(主山店),东莞市-未知区域,东莞市东城街道东城振兴路249号108室,,
东莞市,爱雅健口腔连锁(南城店),东莞市-未知区域,东莞市南城街道金丰路3号1063室,,
东莞市,爱雅健口腔连锁(新世纪星城店),东莞市-未知区域,东莞市东城街道学星路76号1097室,,
东莞市,爱雅健口腔连锁(星河城店),东莞市-未知区域,东莞市东城街道钱屋街10号119室,,
东莞市,爱雅健口腔连锁(桥头店),东莞市-未知区域,东莞市桥头镇莲城宏达六街180号,,
东莞市,爱雅健口腔连锁(花园城店),东莞市-未知区域,东莞市东城街道环城路东城段1号1075室,,
东莞市,爱雅健口腔连锁(茶山店),东莞市-未知区域,广东省东莞市茶山镇茶山北路95号156,,
东莞市,爱雅健口腔连锁(高埗颐龙湾店店),东莞市-未知区域,东莞市高埗镇颐龙东路6号1028室,,
东莞市,祥禾口腔(南城店),东莞市-未知区域,广东省东莞市南城街道莞太路南城段138号201室,,
东莞市,臻美口腔,东莞市-南城街道新城社区,东莞市南城街道新城社区商业中心二期百安中心一区107商铺,,
东莞市,魅力天使口腔(厚街分院),东莞市-未知区域,厚街镇厚街大道东38号2楼魅力天使口腔,,
东莞市,魅力天使口腔(樟木头分院),东莞市-未知区域,东莞市樟木头镇樟罗西城路6号103室,,
大庆市,人人口腔门诊部,大庆市-龙凤区,黑龙江省大庆市龙凤区纬二路306号,,
大庆市,安心口腔,大庆市-龙凤区,黑龙江大庆市龙凤区龙达路汇宏悦澜湾,,
大庆市,展诚口腔门诊部,大庆市-高新区,黑龙江省大庆市高新区博学大街76号,,
大连市,佳美口腔(五一路店),大连市-金州区,辽宁省大连市金州区中长街道碧海尚城0-C号1层15号,,
大连市,佳美口腔(解放路店),大连市-中山区,辽宁省大连市中山区解放路346号1单元1层4号,,
大连市,佳美口腔(长兴街店),大连市-沙河口区,辽宁省大连市沙河口区长兴街46号1-2层1-3轴公建,,
大连市,大连三文华南口腔诊所,大连市-甘井子区,辽宁省大连市甘井子区山东路394-2号,,
大连市,大连中山王艳口腔诊所,大连市-中山区,辽宁省大连市中山区延安路51C号,,
大连市,大连喜泰口腔门诊部,大连市-中山区,辽宁省大连市中山区中山区春阳街与鸣鹤街交叉口西南20米,,
大连市,大连家合口腔,大连市-甘井子区,辽宁省大连市甘井子区华东路87号（大连盈久润商贸有限公司内）,,
大连市,大连文武口腔(第五郡店),大连市-甘井子区,辽宁省大连市甘井子区虹雯路13-3号,,
大连市,大连文武口腔机场店(甘井子区机场街道一文武口腔诊所),大连市-甘井子区,辽宁省大连市甘井子区迎客路18号07号,,
大连市,大连文武口腔虹城路店(大连甘井子周文武口腔诊所),大连市-甘井子区,辽宁省大连市甘井子区虹城路501-7号,,
大连市,大连格莱美口腔诊所,大连市-中山区,辽宁省大连市中山区珠莲街20-6号第5幢2单元1跃3层1号,,
大连市,大连正齿口腔,大连市-中山区,辽宁省大连市中山区葵英街道解放路471-24号,,
大连市,大连沙河口瑞泰葆嘉口腔门诊部,大连市-沙河口区,辽宁省大连市沙河口区白山路50号,,
大连市,大连沙河口高尔基路瑞泰葆嘉口腔门诊部,大连市-沙河口区,辽宁省大连市沙河口区高尔基路687号1层6号68B,,
大连市,大连牙克拉口腔,大连市-沙河口区,辽宁省大连市沙河口区金盾路77号学乐城一层,,
大连市,大连萌芽口腔(第五郡店),大连市-甘井子区,辽宁省大连市甘井子区佳林园32-6,,
大连市,大连金普新区康仁德口腔诊所有限公司,大连市-金州区,辽宁省大连市金州区碧海尚城2-2号（体育场11号门对面）,,
大连市,大连金普新区韩颖口腔诊所,大连市-金州区,辽宁省大连市金州区翠竹南里41栋-1-1-1号,,
大连市,大连鑫莱恩口腔门诊部,大连市-甘井子区,辽宁省大连市甘井子区广贤路2号,,
大连市,大连阳光吉杰口腔诊所,大连市-旅顺口区,辽宁省大连市旅顺口区营顺路789-10号,,
大连市,大连齿医生口腔医院有限公司,大连市-西岗区,辽宁省大连市西岗区新开路68号,,
大连市,新德美口腔,大连市-金州区,辽宁省大连市金州区马桥子街道黄海西路55号(黄海西路辅路与青松北街交叉口东30米),,
大连市,旅顺优莱口腔,大连市-旅顺口区,辽宁省大连市旅顺口区黄河路90-7,,
大连市,极植萌芽口腔东港店,大连市-中山区,辽宁省大连市中山区港隆路111-16,,
大连市,泉水口腔一部,大连市-甘井子区,辽宁省大连市甘井子区芙蓉泉街泉水D4区18-1号楼 (情缘米线旁),,
大连市,泉水口腔二部,大连市-甘井子区,辽宁省大连市甘井子区月牙泉路美域盛景A2区21-4号(家家乐商场西门泉水口腔),,
大连市,爱华口腔诊所,大连市-甘井子区,辽宁省大连市甘井子区泉水P5区5-1,,
大连市,玉心口腔,大连市-沙河口区,辽宁省大连市沙河口区西安路街道民权街332号,,
大连市,百年瑞康口腔四部,大连市-甘井子区,辽宁省大连市甘井子区金地·檀境1期南门百年瑞康口腔(肯德基旁),,
大连市,盛希口腔,大连市-甘井子区,辽宁省大连市甘井子区和泰南园10-3,,
大连市,西岗彩虹优莱儿童齿科,大连市-西岗区,辽宁省大连市西岗区市场街233号.235号,,
大连市,贝施美口腔诊所,大连市-普兰店区,辽宁省大连市普兰店区中心路船舶小区2-108号门点,,
大连市,马泷齿科(大连恒隆广场店),大连市-西岗区,辽宁省大连市西岗区五四路66号大连恒隆广场L3中区310号,,
德州市,九二零凯瑞口腔(万达广场店),德州市-德城区,山东省德州市德城区新华街道办事处湖滨南大道669号万达广场C2区22号楼商业1-2层12号、15号,,
德州市,九二零凯瑞口腔(天衢新区店),德州市-经济技术开发区,山东省德州市经济技术开发区长河街道办事处天衢东路1161号绿城百合花园6号楼网点1层2号商业,,
东营市,欢乐口腔(东营分院),东营市-东营区,山东省东营市东营区济南路与海通路交汇处北75米欢乐口腔,,
东营市,雅仕口腔(小海豚门诊部),东营市-东营区,山东省东营市东营区沂州路与淮河路交叉口东南角二楼,,
东营市,雅仕口腔(广饶门诊部),东营市-广饶县,山东省东营市广饶县广饶街道渤海尚城小区1号楼1-7号房,,
东营市,雅仕口腔(新区门诊部),东营市-东营区,山东省东营市东营区城市主人南门,,
德阳市,博尔泰口腔诊所,德阳市-未知区域,四川省德阳市什邡市方亭街道金河南路竹溪市场B栋1-23号,,
德阳市,德贝口腔(凯江桥店),德阳市-未知区域,四川省德阳市峨眉山北路一段99号港湾丽景A栋1-2号,,
德阳市,德贝口腔(城北店),德阳市-旌阳区,四川省德阳市旌阳区岭眉北路二段155号5栋2-1号,,
德阳市,德贝口腔(珠江桥店),德阳市-未知区域,四川省德阳市珠江西路86号锦绣珠江1期2栋1-2号、2-1号、2-2号、2-3号、2-4号,,
德阳市,星禾口腔(广汉店),德阳市-未知区域,四川省德阳市广汉市广汉中山大道南一段106号,,
大同市,博雅口腔·美白修复·种植矫正(云冈店),大同市-云冈区,大同市云冈区平盛路街道和祥街52号,,
大同市,大同博诚口腔医院有限公司,大同市-平城区,山西省大同市平城区云中路金地福苑9号楼底商,,
大同市,大同市博诚口腔门诊部有限公司,大同市-平城区,山西省大同市平城区文瀛湖街道御河东路华北星城90号商铺,,
大同市,牙博士口腔(御河院区店),大同市-平城区,大同市平城区永泰街道国际丽都7号商铺,,
大同市,环中口腔大同店,大同市-平城区,大同市平城区永泰街道魏都大道452号浩海商贸大厦1-2层S15A号,,
达州市,亚康口腔升华店,达州市-达川区,四川省达州市达川区立根尚城,,
达州市,亚康口腔江湾城店,达州市-通川区,四川省达州市通川区江湾城二期桥头旁边,,
达州市,亚康口腔西外店,达州市-通川区,四川省达州市通川区罗浮广场与金兰小区交接处,,
达州市,绮云口腔(市内店),达州市-通川区,四川省达州市通川区文华街院棚巷42号,,
达州市,达川绮云口腔医院(南外店),达州市-达川区,四川省达州市达川区汉兴大道二段406号,,
达州市,达州亚康口腔医院(总店),达州市-达川区,四川省达州市达川区通川桥公交南站旁边,,
达州市,达州绮云口腔医院(西外店),达州市-通川区,四川省达州市通川区紫荆花路38号,,
鄂州市,鄂州咿呀口腔门诊部,鄂州市-鄂城区,湖北省鄂州市鄂城区古楼街道文星路17号,,
鄂尔多斯市,伊金霍洛旗奥麒口腔门诊部(有限合伙),鄂尔多斯市-内蒙古自治区,内蒙古自治区鄂尔多斯市伊金霍洛旗胜达西悦城底商,,
鄂尔多斯市,杭氏口腔,鄂尔多斯市-东胜区,内蒙古自治区鄂尔多斯市东胜区纺织街天骄花园北门正对,,
鄂尔多斯市,牙微笑口腔诊所,鄂尔多斯市-内蒙古自治区,内蒙古自治区鄂尔多斯市乌审旗嘎鲁图镇苏里格街47号原宝东大酒店对面,,
鄂尔多斯市,鄂尔多斯市东胜区奥麒每天口腔门诊部(有限合伙),鄂尔多斯市-东胜区,内蒙古自治区鄂尔多斯市东胜区准格尔北路1号街坊,,
鄂尔多斯市,鄂尔多斯市奥麒口腔有限责任公司,鄂尔多斯市-东胜区,内蒙古自治区鄂尔多斯市东胜区团结路32号奥麒大厦6楼,,
鄂尔多斯市,鄂尔多斯市奥麒安达口腔门诊部,鄂尔多斯市-东胜区,内蒙古自治区鄂尔多斯市东胜区鄂托克西街28号安达大厦,,
鄂尔多斯市,鄂尔多斯市奥麒第二口腔门诊部(有限合伙),鄂尔多斯市-康巴什区,内蒙古自治区鄂尔多斯市康巴什区伊泰CEO底商,,
恩施土家族苗族自治州市,咿呀口腔(利川东方城店),恩施土家族苗族自治州市-未知区域,湖北省利川市东城街道办事处金龙南路2号,,
恩施土家族苗族自治州市,咿呀口腔(利川天桥店),恩施土家族苗族自治州市-都亭街道办事处南湖里社区,湖北省利川市都亭街道办事处南湖里社区龙船大道17号,,
恩施土家族苗族自治州市,咿呀口腔(咸丰店),恩施土家族苗族自治州市-咸丰县,湖北省咸丰县高乐山镇解放路383号（中楚大厦）1单元102,,
恩施土家族苗族自治州市,咿呀口腔(宣恩店),恩施土家族苗族自治州市-宣恩县,湖北省恩施市宣恩县珠山镇民族路丹峰贡水龙城五单元A区三层,,
恩施土家族苗族自治州市,咿呀口腔(巴东店),恩施土家族苗族自治州市-巴东县,湖北省巴东县信陵镇西瀼坡社区新港路2号,,
恩施土家族苗族自治州市,咿呀口腔(建始店),恩施土家族苗族自治州市-建始县,湖北省建始县业州镇茨泉社区业州大道2号,,
恩施土家族苗族自治州市,咿呀口腔(恩施医院店),恩施土家族苗族自治州市-未知区域,湖北省恩施市小渡船街道航空路1号,,
恩施土家族苗族自治州市,咿呀口腔(来凤店),恩施土家族苗族自治州市-来凤县,湖北省来凤县翔凤镇凤翔大道（原农委办公室一楼）,,
恩施土家族苗族自治州市,咿呀口腔(福星店),恩施土家族苗族自治州市-未知区域,湖北省恩施市施州大道66号（大桥路43号）6幢1单元1楼011号,,
恩施土家族苗族自治州市,咿呀口腔(舞阳店),恩施土家族苗族自治州市-未知区域,湖北省恩施市舞阳大街199号,,
恩施土家族苗族自治州市,咿呀口腔(金桂店),恩施土家族苗族自治州市-未知区域,湖北省恩施市舞阳街道办事处金子坝村3幢,,
恩施土家族苗族自治州市,咿呀口腔(鹤峰店),恩施土家族苗族自治州市-鹤峰县,湖北省鹤峰县容美镇溇水大道3号（沿河路120号）,,
阜阳市,佳德口腔(阜阳分院),阜阳市-颍泉区,安徽省阜阳市颍泉区人民西路47号,,
阜阳市,太和佑承口腔,阜阳市-太和县,安徽省阜阳市太和县国泰路星辰梦都大酒店,,
阜阳市,数智口腔(城南店),阜阳市-颍州区,安徽省阜阳市颍州区清河街道颍淮大道666号易景国际花园19#商住楼商8室、18#商住楼商1室,,
阜阳市,数智口腔(颖西店),阜阳市-颍州区,安徽省阜阳市颍州区颍西镇颍河西路长虹小区1#商住楼1幢101、102室,,
阜阳市,阜南县皓德口腔,阜阳市-阜南县,安徽省阜阳市阜南县经济开发区名邦栖街内S3栋101~108号,,
阜阳市,阜阳界首孙磊口腔(仅可约洁牙),阜阳市-未知区域,安徽省阜阳市界首市力行街6号,,
阜阳市,颍上皓德口腔门诊部,阜阳市-颍上县,安徽省阜阳市颍上县迎宾大道与四维路交叉口,,
福州市,ITS瑞来美口腔,福州市-台江区,福建省福州市台江区瀛洲街道排尾路北侧阳光城悠澜郡（一区）S1-2号楼1-2层02商务服务网点,,
福州市,ITS闽清唯美口腔,福州市-闽清县,福建省福州市闽清县梅城镇天行大街1-187号,,
福州市,三栗鼠口腔(万达总院),福州市-仓山区,福建省福州市仓山区金榕南路553号锦绣闽江-榕港小区（即港头新居）12#01-03店面,,
福州市,三栗鼠口腔(名郡分院),福州市-长乐区,福建省福州市长乐区航城街道吴航路555-36号,,
福州市,三栗鼠口腔(福机总院),福州市-台江区,福建省福州市台江区宁化街道126号福机新苑9号楼1层配套用房5,,
福州市,三栗鼠口腔(西湖分院),福州市-鼓楼区,福州市福州市鼓楼区通湖路65号,,
福州市,三栗鼠口腔潭头分院,福州市-长乐区,福建省福州市长乐区福建省福州市长乐区潭头镇菊潭村朱熹街15-9号、15-10号,,
福州市,三栗鼠口腔门诊部(长源花园分院),福州市-长乐区,福建省福州市长乐区吴航街道吴航路278、280号,,
福州市,中科附属口腔,福州市-台江区,福建省福州市台江区融信双杭城别院4-113号,,
福州市,台江铂奥口腔门诊部,福州市-台江区,福建省福州市台江区瀛洲街道排尾路北侧阳光城悠澜郡（二区）S2-7a#楼1-2层12商业服务网点,,
福州市,同道光年口腔门诊部,福州市-台江区,福建省福州市台江区长汀街左海光年广场B1楼,,
福州市,康强口腔连锁(元峰店),福州市-闽侯县,福建省福州市闽侯县南屿镇后山村宅山37号1#楼办公楼1层20、21、22号,,
福州市,康强口腔连锁(江口店),福州市-闽侯县,福建省福州市闽侯县南屿镇两园安置房18#耀来超市二楼,,
福州市,永泰唯美口腔,福州市-永泰县,福建省福州市永泰县城峰镇龙峰村清水确66-12号,,
福州市,牙名仕口腔门诊部,福州市-平潭县,福建省福州市平潭县潭城镇翠园新庄3号一至二层,,
福州市,牙牙巴士儿童口腔（利嘉站）,福州市-仓山区,福建省福州市仓山区五一中路177号状元楼2层,,
福州市,牙牙巴士儿童口腔（福清二中店）,福州市-未知区域,福州市城隍巷1-12二层,,
福州市,牙牙巴士儿童口腔（钱塘站）,福州市-未知区域,福建省福州市鼓屏路136-2号,,
福州市,福州京科口腔医院,福州市-晋安区,福建省福州市晋安区东二环泰禾广场东区SOHOC1座106京科口腔（迪卡侬旁）,,
福州市,福州同道口腔医院,福州市-鼓楼区,福州市鼓楼区福屿后路40号福屿三区20#-22#连体一、二层店面,,
福州市,福州福能海峡口腔医院,福州市-台江区,福建省福州市台江区五一中路124号,,
福州市,福建福州福清维乐口腔,福州市-未知区域,福建省福州市福清市融侨城2号裙楼2层福清维乐口腔门诊部,,
福州市,福建福州连江维乐口腔门诊部,福州市-连江县,福建省福州市连江县凤城镇龙芝商业广场二楼维乐口腔,,
福州市,福清优贝口腔门诊部,福州市-未知区域,福建省福州市福清市音西街道清昌大道利嘉中心源创新天地6号楼1F-12、2F-06/07,,
福州市,福清市雅博美口腔,福州市-未知区域,福建省福州市福清市音西街道康达路36-86号,,
福州市,福清融诚蓝刺猬口腔,福州市-未知区域,福建省福州市福清市清荣大道120-1,,
福州市,美可普-东大分院,福州市-鼓楼区,鼓楼区东大路1号君悦大酒店二层、四层,,
福州市,美可普-东街分院,福州市-鼓楼区,鼓楼区八一七北路190号（大众电影院隔壁）,,
福州市,美可普-五一分院,福州市-台江区,台江区五一中路145号状元商住楼2楼（农业银行楼上）,,
福州市,美可普-学生街院,福州市-仓山区,仓山区仓前街道上三路85号-65号（学生街城市广场，复园路沿街）,,
福州市,美可普-富闽分院,福州市-台江区,台江区鳌峰路62号富闽恒升中心商场二楼,,
福州市,美可普-王庄分院,福州市-晋安区,晋安区讲堂路142号（世欧广场北楼背后）,,
福州市,美可普-福新总院,福州市-晋安区,福建省福州市晋安区长乐北路131号（新紫阳酒店对面）,,
福州市,美可普-群升分院,福州市-台江区,台江区铺前顶路群升国际尚都苑1号楼1层,,
福州市,美可普口腔连锁五一分院,福州市-台江区,福建省福州市台江区台江区五一中路145号状元商住楼2楼（农业银行楼上）,,
福州市,美可普口腔连锁王庄分院,福州市-晋安区,福建省福州市晋安区晋安区讲堂路142号（世欧广场北楼背后）,,
福州市,美可普口腔连锁群升分院,福州市-台江区,福建省福州市台江区台江区铺前顶路群升国际尚都苑1号楼1层,,
福州市,美橙口腔医院(五四北泰禾分院),福州市-晋安区,福建省福州市晋安区新店镇秀峰路188号沿街商铺16-1,,
福州市,美橙口腔医院(仓山万达分院),福州市-仓山区,福建省福州市仓山区金山万达广场C区6楼,,
福州市,美橙口腔医院(六一北路总院),福州市-晋安区,福建省福州市晋安区六一北路19号恒宇尊悦1-5层,,
福州市,美橙口腔医院(古田路分院),福州市-鼓楼区,福建省福州市鼓楼区古田路121号华福大厦二层B区,,
福州市,考希口腔门诊,福州市-罗源县,福建省福州市罗源县凤山镇罗中路金尊名城C区1号楼店铺12-1，12-2，12-3,,
福州市,马泷齿科.福州门诊（恒力城店）,福州市-未知区域,福建省福州市鼓东街道五四路126号恒力城第三层013号,,
福州市,鼓楼铂奥乌山西路口腔诊所,福州市-鼓楼区,福建省福州市鼓楼区洪山镇乌山西路69号阳光乌山府院B2号楼1层12商业用房,,
福州市,齐乐齿科(三迪分院),福州市-台江区,福建省福州市台江区振武路三迪联邦中心11楼1108、09,,
福州市,齐乐齿科(泰禾分院),福州市-晋安区,福建省福州市晋安区岳峰镇横屿路13号东二环泰禾广场一期5#7层708-713室,,
佛山市,佛山正骨医院口腔中心,佛山市-佛山禅城区,佛山禅城区张槎四路43号正骨口腔中心,,
佛山市,好佰年口腔太邦旗舰院,佛山市-南海区,佛山市南海区桂城街道融和路16号京华广场5座首层,,
佛山市,好佰年口腔季华旗舰院,佛山市-南海区,佛山市南海区桂城街道季华东路27号顺联公园里西座4楼,,
佛山市,好佰年口腔总院,佛山市-南海区,佛山市南海区南海大道北越秀悦汇天地A区6层（桂城地铁站A出口）,,
佛山市,好佰年口腔罗村旗舰院,佛山市-未知区域,佛山南海狮山罗村北湖一路圣地广场-A区商业楼首层1008号,,
佛山市,佛山南海中大口腔医院有限公司,佛山市-南海区,佛山市南海区大沥镇振兴路7号风度盛荟广场一层A17、三层C2、C3商铺（住所申报）,,
佛山市,佛山南海中大口腔门诊部有限公司,佛山市-南海区,佛山市南海区西樵镇江浦东路36号（佛山市南海区圣璇酒店管理有限公司）一层138号、二层238号（住所申报）,,
佛山市,佛山市南海好佰年桂丹口腔门诊有限公司,佛山市-南海区,佛山市南海区丹灶镇云峰路3号云山峰境广场2栋负一层002、003005、006、007、008、009、010号商铺,,
佛山市,佛山市顺德口腔医院有限公司,佛山市-顺德区,广东省佛山市顺德区容桂街道卫红社区桂洲大道中66号1-5楼（住所申报）,,
佛山市,佛山登特口腔门诊有限公司,佛山市-禅城区,广东省佛山市禅城区汾江中路121号1F、2D、3K、4K、5K(,,
佛山市,好佰年口腔太邦院(京华广场店),佛山市-南海区,佛山市南海区桂城街道融和路16号京华广场5座203-204铺,,
佛山市,好佰年口腔（金融高新区旗舰院）,佛山市-未知区域,佛山市融合路16号京华广场5座203-204,,
佛山市,广大口腔(禅城院区),佛山市-禅城区,佛山市禅城区祖庙街道季华五路21号首层P1、P2、二层2P1、2P2、2P3、2P4、2P5、2P6、2P7号,,
佛山市,广大口腔(顺德院区),佛山市-顺德区,佛山市顺德区大良街道文秀社区环市北路108号得宝楼109铺、110铺、二层之二(住所申报),,
佛山市,广澳口腔矫正(南海院),佛山市-南海区,广东省佛山市南海区桂城街道石（石肯）社区教育路19号商业楼7座2层C-202、C-203号铺,,
佛山市,广澳口腔矫正(碧桂园总院),佛山市-三水区,佛山市三水区西南街道贤兴一街 2号碧桂园三水华府8座301之二、302、303、304（住所申报）,,
佛山市,广澳口腔矫正(雅居乐分院),佛山市-三水区,广东省佛山市三水区西南街道广海大道东30号三江园12座1层113、11 4、115（住所申报,,
佛山市,暨博顺远口腔(九江旗舰院),佛山市-南海区,佛山市南海区九江镇下西洛浦大道18号首层1、2号铺,,
佛山市,粤医口腔医院(碧桂园店),佛山市-顺德区,广东省佛山市顺德区北滘镇碧桂园社区碧桂园大道2号碧乐时光新翼广场一楼120-5铺,,
佛山市,鼎极口腔门诊部(士卓曼数字化种植牙岭南天地店),佛山市-禅城区,广东省佛山市禅城区福贤路89号二楼A-1,,
防城港市,上思东雅口腔,防城港市-上思县,广西壮族自治区防城港市上思县思阳镇南岸新区明江新城A区滨江丽景A幢2层202号房,,
防城港市,东雅口腔(中心区店),防城港市-港口区,广西壮族自治区防城港市港口区广西壮族自治区防城港市港口区行政中心区金花茶大道78号三生云海底商102号,,
防城港市,好百年口腔门诊部,防城港市-防港区,广西壮族自治区防城港市防港区防港大道363号2楼,,
防城港市,港口东雅口腔门诊部,防城港市-港口区,广西壮族自治区防城港市港口区北部湾大道168号阳光海岸碧海新天7号楼1-7号商铺,,
抚顺市,兰海口腔(万达店),抚顺市-新抚区,辽宁省抚顺市新抚区浑河南路中段54-5号楼15，16门市,,
抚顺市,兰海口腔(望花店),抚顺市-望花区,辽宁省抚顺市望花区雷锋路（西段）3号楼7号门市,,
抚顺市,兰海口腔(清原店),抚顺市-清原满族自治县,辽宁省抚顺市清原满族自治县清原镇浑河街3号楼102号、201号,,
抚顺市,兰海口腔(顺城店),抚顺市-顺城区,辽宁省抚顺市顺城区临江东路18号5号门市,,
抚顺市,兰海口腔(顺城店),抚顺市-顺城区,辽宁省抚顺市顺城区临江东路18号5号门市,,
抚顺市,兰海口腔汇银旗舰店,抚顺市-顺城区,辽宁省抚顺市顺城区规划街6-24号楼3号门市、4号门市、5号门市、6号门市,,
抚顺市,爱霖口腔万科店,抚顺市-望花区,辽宁省抚顺市望花区沈抚示范区中兴街（金域蓝湾2.1期）77-32号-M1,,
抚顺市,爱霖口腔李石店,抚顺市-望花区,辽宁省抚顺市望花区沈抚示范区顺大街SF国际鑫城小区2号楼M2,,
抚顺市,爱霖口腔绿地店,抚顺市-望花区,辽宁省抚顺市望花区沈抚示范区滨河路6-53号（绿地剑桥）-M9,,
抚州市,华洁口腔(临川总院),抚州市-临川区,江西省抚州市临川区广场东路章舍西区第1号,,
抚州市,华洁口腔(见贤路店),抚州市-临川区,江西省抚州市临川区玉茗路93、95号,,
广州市,中健委中健口腔(矫正种植中心),广州市-黄埔区,广东省广州市黄埔区水西路187号萝岗敏捷广场3楼303房,,
广州市,中健集团格瑞特口腔(矫正种植中心),广州市-黄埔区,广东省广州市黄埔区龙湖街道中新知识城九龙大道泊语街8号—112房,,
广州市,中德联合口腔,广州市-荔湾区,广州市荔湾区芳村大道西26号,,
广州市,佛山中大口腔医院有限公司王府井紫薇港口腔门诊部,广州市-禅城区,佛山市禅城区石湾镇街道季华四路70号四层L4047-1、L4001-2号,,
广州市,卓见口腔(天河院区),广州市-天河区,"广东省广州市天河区林和西路1号国贸大厦3楼1单元(地铁林和西A口,中信广场旁)",,
广州市,卓见口腔(海珠院区),广州市-海珠区,广东省广州市海珠区广州大道南路978号(海珠万达广场二层2017),,
广州市,卓见口腔（天河院区）,广州市-天河区,广州市天河区林和西路1号广州国际贸易中心3楼1单元（地铁林和西A口）,,
广州市,卓见口腔（海珠院区）,广州市-海珠区,广州市海珠区广州大道南978号海珠万达广场二层2017,,
广州市,圣呗口腔,广州市-未知区域,广州大道中611号嘉诚国际公寓,,
广州市,广大口腔(天河院区),广州市-天河区,广州市天河区天河路351号101单元自编111-A房、101单元自编110房、201房自编201-A房,,
广州市,广大口腔(海珠院区),广州市-海珠区,广州市海珠区宝岗大道498号203房、303房、403房、503房、宝岗大道500号104房,,
广州市,广大口腔(白云院区),广州市-白云区,广州市白云区机场路581号穗景大厦B座1-2楼,,
广州市,广大口腔(荔湾院区),广州市-荔湾区,广州市荔湾区西湾路148号内原厂工会大楼,,
广州市,广大口腔(越秀院区),广州市-越秀区,广州市越秀区寺右新马路25号大院3号107、201及301,,
广州市,广州暨博口腔医院,广州市-天河区,广州市天河区马场路16号202之一,,
广州市,广州雅皓口腔,广州市-未知区域,广州市天河东路177号,,
广州市,广澳口腔矫正(南沙分院),广州市-南沙区,广东省广州市南沙区进港大道187号105铺、106-108铺二楼,,
广州市,恒博口腔,广州市-越秀区,广州市越秀区沿江东路418号三层自编308-309铺及新编310铺,,
广州市,暨博口腔（海珠旗舰院）,广州市-海珠区,广州市海珠区新港西路182号104-106铺8号线鹭江站 C出口,,
广州市,曙光美云口腔医院,广州市-白云区,广州市白云区机场路1号1-12层,,
广州市,沁美舒适口腔,广州市-海珠区,广州市海珠区昌岗中路238号601之三,,
广州市,河马领航口腔(万博院区),广州市-番禺区,广州市番禺区南村镇万博二路98号9栋第四层401铺-426铺,,
广州市,看的起口腔(大源店),广州市-白云区,广州市白云区大源街道大源南路108号之四栋第一层103,,
广州市,研科口腔连锁(乐嘉路总院),广州市-白云区,广州市白云区乐嘉路62号101、之七、之8铺,,
广州市,粤牙口腔,广州市-荔湾区,广东省广州市荔湾区鹤洞路203号之一粤牙口腔门诊部,,
广州市,花都暨博口腔医院,广州市-花都区,广州市花都区公益路16号,,
广州市,菲亚口腔连锁（金山谷旗舰院）,广州市-未知区域,广州市东环街东艺路2号101之一,,
广州市,越尔口腔(凤凰城店),广州市-增城区,广州市增城区永宁街凤凰城凤荔苑凤荔二街7号 1层101号房,,
广州市,越尔口腔(新塘店),广州市-增城区,广州市增城区新塘镇广深大道西14号,,
广州市,鹿鸣口腔(天河北院),广州市-天河区,广东省广州市天河区广州市天河区天河北路402号首层及二层自编201号,,
广州市,鹿鸣心一口腔(大剧院分院),广州市-天河区,广州市天河区珠江西路1号广州大剧院3楼A316号房自编之一,,
贵阳市,德韩口腔(小河转盘院区),贵阳市-经济开发区,贵州省贵阳市经济开发区黄河街道办事处黄河路2号龙湾国际B地块8栋4层1号,,
贵阳市,德韩口腔(花果园院区),贵阳市-南明区,贵州省贵阳市南明区花果园后街彭家湾花果园项目一期第20栋3层1号［花果园社区］,,
贵阳市,德韩口腔(金阳世纪城院区),贵阳市-观山湖区,贵州省贵阳市观山湖区世界街道办事处金阳南路6号贵阳世纪城M组团综合市场2层1号,,
桂林市,桂林南十院口腔(吾悦店),桂林市-临桂区,广西壮族自治区桂林市临桂区吾悦广场7幢3层06号,,
桂林市,桂林南十院口腔(庙岭店),桂林市-临桂区,广西壮族自治区桂林市临桂区庙岭农贸市场1号农贸城133-1栋,,
桂林市,桂林南十院口腔(龙胜店),桂林市-龙胜县,广西壮族自治区桂林市龙胜县滨江大道一楼G-58、59门面,,
桂林市,齐尔口腔,桂林市-兴安县,广西壮族自治区桂林市兴安县兴安镇志玲路与天平路交叉路口(原水坝售楼部),,
赣州市,兴国星朗朗口腔门诊,赣州市-兴国县,江西省赣州市兴国县将军大道南段A20号103,,
赣州市,唯乐口腔(大公路分院),赣州市-章贡区,江西省赣州市章贡区大公路63号,,
赣州市,唯乐口腔(赣县分院),赣州市-赣县,江西省赣州市赣县区城南大道东路2号白鹭湾四区18栋附1,,
赣州市,唯乐口腔(达芬奇总院),赣州市-章贡区,江西省赣州市章贡区长冈路13号盛汇城市中心11号楼7#影厅,,
赣州市,寻乌县城北口腔门诊部,赣州市-寻乌县,江西省赣州市寻乌县长宁镇城北一路至尊苑1幢,,
赣州市,施美尔口腔(万象城店),赣州市-章贡区,赣州市章贡区琴江路8号华润中心A区7号楼三层商业#2,,
赣州市,施美尔口腔(南康分院),赣州市-南康区,赣州市南康区南水街道办事处蓝田大道名特优小区6栋3-5#商铺,,
赣州市,施美尔口腔(南康院),赣州市-南康区,江西省赣州市南康区蓝田大道坪岭转盘（路福酒店对面）,,
赣州市,施美尔口腔(开发区店),赣州市-赣州经济技术开发区,江西省赣州市赣州经济技术开发区迎宾大道8号锦绣星城16#-B楼写字楼,,
赣州市,施美尔口腔(文清路分院),赣州市-章贡区,江西省赣州市章贡区文清路27号,,
赣州市,明秋口腔万达店,赣州市-章贡区,江西省赣州市章贡区经济技术开发区嘉福万达广场大坪路22栋1-3号铺,,
赣州市,明秋口腔环城路店,赣州市-章贡区,江西省赣州市章贡区环城路22-1号,,
赣州市,石城朗朗口腔,赣州市-石城县,江西省赣州市石城县西华南路219号,,
赣州市,贝壳口腔(万象城分院),赣州市-章贡区,江西省赣州市章贡区绵江路20号中洋，公园首府7号楼17#商铺,,
赣州市,贝壳口腔(万达分院),赣州市-赣州经济技术开发区,江西省赣州市赣州经济技术开发区金岭大道18号赣州嘉福万达金街-1-B-0001,,
赣州市,贝壳口腔(宝能分院),赣州市-章贡区,江西省赣州市章贡区安远路8号宝能世纪城西区10、11号楼3#商铺,,
赣州市,赣州青檬口腔,赣州市-章贡区,江西省赣州市章贡区赞贤路8-37号一楼店面,,
赣州市,雅棋口腔,赣州市-未知区域,江西省赣州市瑞金市红都大道中段欧洲府邸,,
贵港市,桂平蓝天口腔门诊,贵港市-西壮族自治区,广西壮族自治区贵港市桂平市西山路路口金融投资大厦辰茂宇洋酒店2层,,
贵港市,贵港同步口腔门诊部,贵港市-港北区,广西壮族自治区贵港市港北区建设路步步高商场3楼3001,,
贵港市,贵港蓝天口腔医院,贵港市-港北区,广西壮族自治区贵港市港北区金港大道-美嘉宝花城A-8号（白天鹅酒店对面）,,
贵港市,贵港蓝天口腔吾悦门诊,贵港市-港北区,广西壮族自治区贵港市港北区贵港吾悦广场2号门上3层3026/3027号,,
贵港市,贵港蓝天口腔江南门诊,贵港市-港南区,广西壮族自治区贵港市港南区港南路东侧碧桂园.城央府1栋110号,,
合肥市,云松口腔,合肥市-肥东县,安徽省合肥市肥东县店埠镇人民路与梁园路交叉口向西10米,,
合肥市,佳冠口腔(包河院区),合肥市-包河区,安徽省合肥市包河区常青街道黟乡路666号文鼎商务中心3幢住宅商101-104，201，301-302,,
合肥市,佳冠口腔(政务院区),合肥市-蜀山区,安徽省合肥市蜀山区潜山路210号绿地蓝海国际大厦C座商2-102室、2-202室、2-302室、2-203室、2-204室,,
合肥市,佳德众兴口腔(万派店),合肥市-肥西县,安徽省合肥市肥西县肥西县上派镇华邦万派城5号,,
合肥市,佳德口腔(五彩城店),合肥市-蜀山区,安徽省合肥市蜀山区合肥市望江西路123号五彩商业广场102室地面一层,,
合肥市,佳德口腔(包河店),合肥市-包河区,安徽省合肥市包河区马鞍山路90号A座,,
合肥市,佳德口腔(庐阳店),合肥市-庐阳区,安徽省合肥市庐阳区蒙城北路108号北门厅及3-4层,,
合肥市,佳德口腔(新华店),合肥市-蜀山区,安徽省合肥市蜀山区黄山路457号新华学府星座商业201、301室,,
合肥市,佳德口腔(翡翠店),合肥市-肥西县,安徽省合肥市肥西县上派镇翡翠路与天海路交口华地翡翠蓝湾(和园)22#3 商业 05 室,,
合肥市,合肥博康口腔门诊部有限公司,合肥市-包河区,安徽省合肥市包河区马鞍山路399号柏林春天19幢101,,
合肥市,合肥同靓口腔医院,合肥市-蜀山区,安徽省合肥市蜀山区樊洼路10号御琴湾3幢101、101上室，102、102上室，103、103上室，104、104上室,,
合肥市,合肥庐阳美奥口腔医院,合肥市-庐阳区,安徽省合肥市庐阳区濉溪路254号,,
合肥市,合肥爱尔美口腔(蒙城北路店),合肥市-长丰县,安徽省合肥市长丰县蒙城北路与金梅路交叉口西南角,,
合肥市,合肥现代口腔门诊,合肥市-蜀山区,安徽省合肥市蜀山区繁华大道经典广场A座,,
合肥市,合肥瑶海丽齿口腔(和县路店),合肥市-瑶海区,安徽省合肥市瑶海区和县路万达广场1幢商105号,,
合肥市,合肥美奥口腔医院,合肥市-蜀山区,安徽省合肥市蜀山区潜山南路188号蔚蓝商务港城市广场A座,,
合肥市,咿博口腔(潜山路店),合肥市-蜀山区,安徽省合肥市蜀山区潜山北路445号紫荆商务广场202室,,
合肥市,咿博口腔医院(合肥旗舰店),合肥市-包河区,安徽省合肥市包河区太湖东路111号新里海顿公馆商业B-1幢,,
合肥市,咿博口腔门诊部(蜀山潜山路店),合肥市-蜀山区,安徽省合肥市蜀山区潜山北路445号紫荆商务广场202室,,
合肥市,庐江协同口腔医院,合肥市-庐江县,安徽省合肥市庐江县建设路88号,,
合肥市,松丰口腔,合肥市-瑶海区,安徽省合肥市瑶海区胜利路88号元一时代广场二单元F2B37、38、39房,,
合肥市,泰佳口腔,合肥市-肥东县,安徽省合肥市肥东县店埠镇南环路和顺雅苑南区（交警队对面）,,
合肥市,渡江口腔(蜀山店),合肥市-蜀山区,安徽省合肥市蜀山区长江西路499号丰乐世纪公寓1幢112商,,
合肥市,牙一生口腔(合肥总院),合肥市-蜀山区,安徽省合肥市蜀山区潜山路210号绿地蓝海B座商铺102/202,,
合肥市,瑞特曼口腔(北城店),合肥市-长丰县,安徽省合肥市长丰县双风工业区北城世纪城B3区蒙城西路西侧鸿徽苑S6栋110210室,,
合肥市,瑞特曼口腔(天山路店),合肥市-包河区,合肥市包河区滨湖新区振徽苑小区124#,,
合肥市,瑞特曼口腔(总院),合肥市-高新区,安徽省合肥市高新区望江西路6589号主楼9层901室,,
合肥市,瑞特曼口腔(望湖中路店),合肥市-包河区,合肥市包河区望湖城望湖中路,,
合肥市,瑞特曼口腔(百乐门店),合肥市-经济技术开发区,安徽省合肥市经济技术开发区繁华大道与莲花路交叉口百乐门名品广场9#楼3034号,,
合肥市,瑞特曼口腔(置地店),合肥市-高新区,合肥市高新区创新生活广场111商铺,,
合肥市,瑞特曼口腔(西环店),合肥市-蜀山区,合肥市蜀山区黄山路659号西环商贸中心8幢商104室,,
合肥市,瑞特曼口腔(西藏路门诊),合肥市-包河区,合肥市包河区西藏路旭辉御府6幢102商铺,,
合肥市,瑞特曼口腔(金地店),合肥市-包河区,合肥市包河区马鞍山南路588号金地国际城3#公寓楼商业233-242号及273号,,
合肥市,瑞特曼口腔(高新店),合肥市-高新区,安徽省合肥市高新区天波路拓基广场5-104室、5-206室,,
合肥市,瑞特曼口腔西藏路门诊,合肥市-包河区,安徽省合肥市包河区西藏路旭辉御府6幢102商铺,,
淮南市,奥圣口腔(沁园店),淮南市-田家庵区,安徽省淮南市田家庵区舜耕西路惠利商贸2楼门面第四间,,
淮南市,奥美口腔(山南店),淮南市-田家庵区,安徽省淮南市田家庵区三和镇艺山南小区12＃102号,,
淮南市,奥美口腔(老体育场店),淮南市-田家庵区,安徽省淮南市田家庵区安徽省淮南市田家庵区国庆街道奥林花园2栋102-103商铺,,
淮南市,安美口腔,淮南市-田家庵区,安徽省淮南市田家庵区龙湖南路19-1号,,
淮南市,寿县新城口腔门诊部,淮南市-寿县,安徽省淮南市寿县同鑫第一城新街口商业广场15号楼,,
淮北市,大华口腔连锁(大华新家园店),淮北市-相山区,安徽省淮北市相山区相南街道惠苑路98号,,
淮北市,大华口腔连锁(帝景翰园店),淮北市-相山区,安徽省淮北市相山区南黎街道相山中路11号相山路与梅苑路交叉口东南角从东至西第一间01号,,
淮北市,大华口腔连锁(濉溪恒大店),淮北市-濉溪县,安徽省准北市濉溪县濉溪镇濉河东路南侧利华•九点阳光33#商104号,,
淮北市,大华口腔连锁(蓝宇广场店),淮北市-相山区,安徽省淮北市相山区相西街道鹰山北路41号古城路综合楼1幢,,
淮北市,淮北濉溪洁雅口腔,淮北市-濉溪县,安徽省淮北市濉溪县淮海路145号,,
淮北市,相山云洁口腔门诊部,淮北市-相山区,安徽省淮北市相山区人民中路179号，现代花园东门,,
黄山市,牙博士口腔门诊部阳湖机构,黄山市-屯溪区,黄山市屯溪区治阳路13-2号,,
河池市,唯美口腔(东兰分院),河池市-东兰县,河池市东兰县东兰镇新城路112号,,
河池市,都安蓝天口腔门诊部,河池市-都安瑶族自治县,广西壮族自治区河池市都安瑶族自治县安阳镇屏山南路49-4号二、三楼,,
河池市,黄忠现口腔诊所,河池市-金城江区,广西壮族自治区河池市金城江区金城西路35号听山湖201铺位,,
河源市,康华口腔（源城分院）,河源市-未知区域,河源市源九龙商业城首层,,
惠州市,丛林口腔(惠城院区),惠州市-惠城区,广东省惠州市惠城区河南岸冰塘组1号一层二层三层,,
惠州市,云翔口腔舒适化诊疗中心,惠州市-惠城区,广东省惠州市惠城区桥东街道文头岭大门路32号一层,,
惠州市,德福口腔(惠城院区),惠州市-惠城区,广东省惠州市惠城区河南岸船地17号君湖院F5栋1层06号,,
惠州市,惠州市精英惠口腔,惠州市-惠城区,广东省惠州市惠城区江北云山东路32号丽日君颐家园3-5-6号楼1层20号二、三层,,
惠州市,惠州麦芽口腔,惠州市-未知区域,惠州市南岸路121号成隆大厦1-9楼,,
惠州市,未来口腔(马安店),惠州市-惠城区,广东省惠州市惠城区马安镇惠州大道马安段43号一楼,,
惠州市,深惠口腔(惠阳店),惠州市-惠阳区,广东省惠州市惠阳区淡水开城大道南138-1号,,
惠州市,致美口腔(江北店),惠州市-惠城区,广东省惠州市惠城区江北街道办事处文昌一路5号荣灿中心综合楼一期（商业、住宅楼）3层01号006商铺,,
惠州市,致美口腔6家连锁(仲恺门诊部),惠州市-惠城区,广东省惠州市惠城区和畅四路3号康城四季花园三期S1栋3层301-303号房,,
惠州市,致美口腔6家连锁(惠州总院),惠州市-惠城区,广东省惠州市惠城区鹅岭南路38号,,
惠州市,致美口腔6家连锁(水岸城门诊部),惠州市-惠城区,广东省惠州市惠城区旭日二路9号丽景湾上3栋2层02号（3栋轴号3-6至3 4） 商铺,,
惠州市,致美口腔6家连锁(演达门诊部),惠州市-惠城区,广东省惠州市惠城区演达1路12号海燕腾龙商厦1层05-06商场,,
惠州市,诺德齿科连锁(东平分院),惠州市-惠城区,广东省惠州市惠城区桥东东平林岗头光耀荷兰水乡花园5期1组团巧克力1层01、02、03号,,
惠州市,诺德齿科连锁(江北院),惠州市-惠城区,广东省惠州市惠城区江北26号小区盛丰大厦第一层101号,,
惠州市,远阳口腔种植矫正中心(天益城店),惠州市-仲恺高新区,广东省惠州市仲恺高新区陈江街道金湖路3号2楼01号,,
海口市,中齿口腔,海口市-琼山区,海南省海口市琼山区凤翔东路156号盛世一品商铺二楼,,
海口市,微笑口腔(龙华门诊部),海口市-龙华区,海南省海口市龙华区龙华路43号椰岛广场一楼1-7铺面,,
海口市,微笑口腔医院(国贸分院),海口市-龙华区,海南省海口市龙华区国贸路56号北京大厦2层A商铺,,
海口市,微笑口腔医院(龙昆南路总院),海口市-琼山区,海南省海口市琼山区龙昆南路114号台湾大厦2楼,,
海口市,微笑口腔德恩门诊部,海口市-龙华区,海南省海口市龙华区金垦路2号龙腾随园1号铺面微笑德恩口腔,,
海口市,微笑口腔陈新门诊部,海口市-美兰区,海南省海口市美兰区和平南街道文明东路187号华山大厦1层商铺101房,,
海口市,海口爱雅仕口腔,海口市-秀英区,海南省海口市秀英区金城新天地1号楼2楼b商铺,,
海口市,海口美兰马泷乐康口腔门诊部有限公司,海口市-美兰区,海南省海口市美兰区国兴大道61号华夏银行大厦4楼401室,,
海口市,海口雅诺齿科口腔全科修复,海口市-龙华区,海南省海口市龙华区大同街道大同路30号香港城2楼,,
海口市,笑更美三叶口腔矫正种植,海口市-秀英区,海南省海口市秀英区海秀西路158号铭盛.檀香洲檀祥阁二楼,,
海口市,艾美口腔,海口市-秀英区,海南省海口市秀英区秀英街道美俗路9号蓝海佳园小区5幢E1商铺,,
海口市,雅诺齿科,海口市-龙华区,海南省海口市龙华区大同街道大同路30号香港城2楼,,
邯郸市,中科口腔全口种牙矫牙研究院,邯郸市-邯山区,邯郸市邯山区北张庄镇美的商业街9号（悦然广场A塔篮球场旁边西北角）,,
邯郸市,卫雅口腔,邯郸市-邯山区,河北省邯郸市邯山区浴新南大街358号,,
邯郸市,明仁口腔(一中分店),邯郸市-涉县,邯郸市涉县平安街道创美悦府101门市,,
邯郸市,正植口腔,邯郸市-丛台区,河北省邯郸市丛台区联纺东路168号,,
邯郸市,贝洁光明口腔门诊,邯郸市-丛台区,河北省邯郸市丛台区光明北大街16号,,
邯郸市,贝洁口腔医院,邯郸市-丛台区,河北省邯郸市丛台区和平路与柳颐大街交叉口,,
邯郸市,贝洁口腔门诊部,邯郸市-邯山区,河北省邯郸市邯山区中华南大街44号,,
邯郸市,邯郸合美口腔,邯郸市-丛台区,河北省邯郸市丛台区中柳东街208-1号,,
邯郸市,邯郸市丛台区合美口腔门诊部有限公司,邯郸市-丛台区,河北省邯郸市丛台区中柳东街208-1号,,
衡水市,舒美口腔,衡水市-桃城区,河北省衡水市桃城区中华大街街道鼎泰家园,,
哈尔滨市,动力口腔卓朗门诊,哈尔滨市-香坊区,黑龙江省哈尔滨市香坊区和平路133号,,
哈尔滨市,向日葵口腔门诊,哈尔滨市-香坊区,黑龙江省哈尔滨市香坊区中民街12号,,
哈尔滨市,哈尔滨优贝口腔门诊,哈尔滨市-道里区,黑龙江省哈尔滨市道里区群力第六大道和朗江路交口恒祥空间小区20号楼S1门市,,
哈尔滨市,哈尔滨尚特口腔,哈尔滨市-南岗区,黑龙江省哈尔滨市南岗区泰海花园小区33栋1-2层366号门市,,
哈尔滨市,四季口腔门诊,哈尔滨市-香坊区,黑龙江省哈尔滨市香坊区黑龙江省哈尔滨市香坊区文景街文景头道街B1栋1-2层B1-10号,,
哈尔滨市,小白兔口腔门诊,哈尔滨市-香坊区,黑龙江省哈尔滨市香坊区文政新区21栋2号门市,,
哈尔滨市,小白杨口腔,哈尔滨市-阿城区,黑龙江省哈尔滨市阿城区绿波西苑28号楼1-3层,,
哈尔滨市,小白杨口腔门诊,哈尔滨市-南岗区,黑龙江省哈尔滨市南岗区黑龙江省哈尔滨市南岗区测绘路学府经典小区中天城05-11栋3号,,
哈尔滨市,正和口腔,哈尔滨市-阿城区,黑龙江省哈尔滨市阿城区金都街地质嘉园高层住宅楼一层1门,,
哈尔滨市,爱健口腔,哈尔滨市-呼兰区,黑龙江省哈尔滨市呼兰区长青大街101号,,
哈尔滨市,皓齿口腔(通达街店),哈尔滨市-南岗区,黑龙江省哈尔滨市南岗区通达街通达小区西南侧约30米,,
哈尔滨市,益口佳口腔门诊（西典店）,哈尔滨市-南岗区,黑龙江省哈尔滨市南岗区尤家街243号西典家园C5栋,,
哈尔滨市,精益口腔门诊部,哈尔滨市-南岗区,黑龙江省哈尔滨市南岗区康宁路51号,,
哈尔滨市,铱泽口腔,哈尔滨市-南岗区,黑龙江省哈尔滨市南岗区哈西大街与同济街交角第AS4栋11~12号,,
哈尔滨市,鸿晟口腔,哈尔滨市-道外区,黑龙江省哈尔滨市道外区滨江街甲42号,,
鹤壁市,崇德口腔门诊部,鹤壁市-淇滨区,河南省鹤壁市淇滨区淇滨大道与黄山路交叉口向南100米路西140号,,
鹤壁市,植得口腔(鹤壁院区),鹤壁市-淇滨区,河南省鹤壁市淇滨区九州路街道兴鹤大街东侧、鹤煤大道以北中凯百悦城7号楼301铺,,
鹤壁市,植得口腔鹤壁院区,鹤壁市-淇滨区,河南省鹤壁市淇滨区九州路街道兴鹤大街东侧、鹤煤大道以北中凯百悦城,,
鹤壁市,淇河牙科德善口腔(二支渠店),鹤壁市-淇滨区,河南省鹤壁市淇滨区九州路街道二支渠南巷46号,,
鹤壁市,淇河牙科德善口腔(浚县店),鹤壁市-浚县,河南省鹤壁市浚县卫溪街道西全桥村卫河路路西一楼,,
鹤壁市,淇河牙科德善口腔(淇县店),鹤壁市-淇县,河南省鹤壁市淇县朝歌街道办事处云梦大道与中山路交叉口凯中理想城A2门面房一楼,,
鹤壁市,淇河牙科德善口腔(示范区店),鹤壁市-城乡一体化示范区,河南省鹤壁市城乡一体化示范区黄浦江路名门繁花里104号商铺,,
鹤壁市,淇河牙科德善口腔(衡山路店),鹤壁市-淇滨区,河南省鹤壁市淇滨区泰山办事处衡山路阳光家天下28号商住楼1楼,,
鹤壁市,淇河牙科德善口腔(黄山路店),鹤壁市-淇滨区,河南省鹤壁市淇滨区九州路街道黄山路书香名苑5号楼110-111铺,,
鹤壁市,淇河牙科德善口腔(黎阳路店),鹤壁市-淇滨区,河南省鹤壁市淇滨区河南省鹤壁市淇滨区黎阳路街道黎阳路209号,,
鹤壁市,淇滨三合口腔,鹤壁市-淇滨区,河南省鹤壁市淇滨区华夏南路三和佳苑小区11#楼1层商业房西数第10户,,
黄石市,咿呀口腔(大冶店),黄石市-城北开发区,湖北省大冶市城北开发区观山路36号天怡嘉园36-4号,,
黄石市,咿呀口腔(黄石万达店),黄石市-黄石港区,湖北省黄石市黄石港区黄石大道金港明珠商网3-4号,,
黄石市,大冶中山口腔医院·种植·矫正·修复(实验中学院区),黄石市-未知区域,黄石市大冶市东岳路街道大冶大道51-4号,,
黄石市,黄石中山口腔医院·洁牙·种植·矫正(电信大楼院区),黄石市-黄石港区,黄石市黄石港区胜阳港街道黄石大道183号(工人文化宫旁),,
黄石市,黄石港乐芽口腔门诊部,黄石市-黄石港区,湖北省黄石市黄石港区湖滨大道1218号,,
黄石市,黄石港乐芽口腔门诊部,黄石市-黄石港区,湖北省黄石市黄石港区湖滨大道1218号,,
怀化市,佳洁口腔矫正·美学修复中心(宏宇店),怀化市-鹤城区,怀化市鹤城区迎丰街道顺天南路东侧宏宇新城剑桥名门8栋203号,,
怀化市,雅贝康口腔(迎丰院),怀化市-鹤城区,怀化市鹤城区城中街道迎丰西路46号,,
怀化市,雅贝康口腔(麻阳院店),怀化市-麻阳苗族自治县,怀化市麻阳苗族自治县高村镇大桥南路地号H11第006栋007号门面,,
衡阳市,德贝口腔,衡阳市-珠晖区,衡阳市珠晖区东风路街道东风南路91号,,
呼和浩特市,上海德盟口腔(呼和浩特店),呼和浩特市-赛罕区,内蒙古自治区呼和浩特市赛罕区腾飞南路与阿吉泰路交叉口东南方向138米左右九二大厦3楼,,
呼和浩特市,卓越口腔,呼和浩特市-罕赛区,内蒙古自治区呼和浩特市罕赛区满洲里路东岸国际商业街内街1-2层,,
呼和浩特市,博远口腔,呼和浩特市-新城区,内蒙古自治区呼和浩特市新城区兴安北路阿尔泰游乐园对面,,
呼和浩特市,康尔雅口腔,呼和浩特市-罕赛区,内蒙古自治区呼和浩特市罕赛区和畅路旺第嘉华东门田牧集团公交处,,
呼和浩特市,欧贝口腔(东河店),呼和浩特市-新城区,内蒙古自治区呼和浩特市新城区成吉思汗大街名都和景西北侧约50米,,
呼和浩特市,欧贝口腔(中山店),呼和浩特市-新城区,内蒙古自治区呼和浩特市新城区中山东路诚信数码广场西侧福瑞大厦一楼,,
呼和浩特市,欧贝口腔(兴安店),呼和浩特市-新城区,内蒙古自治区呼和浩特市新城区兴安北路与赛马场路交汇处西北方向路西,,
呼和浩特市,欧贝口腔(腾飞店),呼和浩特市-赛罕区,内蒙古自治区呼和浩特市赛罕区如意工业园区腾飞南路富恒花园7号楼底商,,
呼和浩特市,欧贝口腔(金桥店),呼和浩特市-赛罕区,内蒙古自治区呼和浩特市赛罕区金桥凯元广场对面，昭乌达路与包头大街交汇处东南角,,
呼和浩特市,武川小杜牙科诊所,呼和浩特市-武川县,内蒙古自治区呼和浩特市武川县可可以力更镇市场北街与文化东街交叉口南160米,,
呼和浩特市,鲲鹏口腔门诊部,呼和浩特市-新城区,内蒙古自治区呼和浩特市新城区东护城河南街南口与乌兰察布交汇处,,
呼和浩特市,齿博尔口腔门诊,呼和浩特市-赛罕区,内蒙古自治区呼和浩特市赛罕区丰州路69号嘉友城市花园东门北侧,,
呼伦贝尔市,尚齿口腔门诊,呼伦贝尔市-内蒙古自治区,内蒙古自治区呼伦贝尔市莫力达瓦达斡尔族自治旗尼尔基镇二商店道口北20米道西尚齿口腔门诊,,
呼伦贝尔市,满洲里福汇口腔医疗有限责任公司,呼伦贝尔市-北区,内蒙古自治区呼伦贝尔市满洲里市北区碧桂园凤凰商业街一排072号商铺,,
呼伦贝尔市,皓齿口腔门诊,呼伦贝尔市-海拉尔区,内蒙古自治区呼伦贝尔市海拉尔区呼伦街道呼伦大街和谐家园1号楼门市,,
葫芦岛市,瑞溪口腔,葫芦岛市-龙港区,葫芦岛市龙港区龙程街60-8号楼F,,
葫芦岛市,葫芦岛正达口腔,葫芦岛市-龙港区,辽宁省葫芦岛市龙港区龙程街与文兴路交叉路口汉庭酒店底商,,
菏泽市,曹州口腔万达院区,菏泽市-牡丹区,山东省菏泽市牡丹区中山路与育才路交叉口南50米路西,,
菏泽市,曹州口腔东明县院区,菏泽市-东明县,山东省菏泽市东明县东明县梦蝶路大洋福邸南门,,
菏泽市,曹州口腔人民路院区,菏泽市-牡丹区,山东省菏泽市牡丹区人民路与八一路交叉口南五十米路西,,
菏泽市,曹州口腔郓城县院区,菏泽市-郓城县,山东省菏泽市郓城县郓城县利民街与盛平路交叉口西南角,,
菏泽市,曹州口腔重庆路院区,菏泽市-牡丹区,山东省菏泽市牡丹区重庆路与东方红西街交叉口东南角,,
菏泽市,菏泽恒正口腔,菏泽市-牡丹区,山东省菏泽市牡丹区中山路和府南街交叉口东南,,
汉中市,兔博士口腔汉中分院,汉中市-汉台区,汉中市汉台区汉宁路南侧竹园华府二期,,
汉中市,小白象口腔(虎桥路店),汉中市-汉台区,陕西省汉中市汉台区虎桥路十字电信综合楼1楼西侧(原地址向东10米),,
汉中市,小白象口腔门诊部(天汉大道店),汉中市-汉台区,汉中市汉台区中山街街道天汉大道828号汉京国际大厦2层202号,,
汉中市,汉中小白象口腔（天汉大道店）,汉中市-汉台区,"汉中市汉台区天汉大道汉京国际大厦2楼，东大街和天汉大道交汇处，魅力之城斜对面，石狮大酒店附近
公交车可乘坐19/8/10/101/21/1路，钟楼下车即到",,
汉中市,汉中小白象口腔（汉宁店）,汉中市-汉台区,"汉中市汉台区中青国际东门
公交车可乘坐13/路，汉宁路十字下车即到",,
汉中市,益民口腔(铺镇店),汉中市-汉台区,陕西省汉中市汉台区G108与三千路交叉口西北方向154米左右,,
汉中市,萌牙皓齿口腔,汉中市-汉台区,汉中市汉台区北关街道西一环路以东西城御景1号楼203号商铺,,
红河哈尼族彝族自治州市,华美口腔(弥勒朋普店),红河哈尼族彝族自治州市-朋普镇朋普社区,云南省红河哈尼族彝族自治州弥勒市朋普镇朋普社区平锁大街南侧49号,,
红河哈尼族彝族自治州市,华美口腔(文澜路店),红河哈尼族彝族自治州市-未知区域,云南省红河州蒙自市文澜路10号,,
红河哈尼族彝族自治州市,华美口腔(河口店),红河哈尼族彝族自治州市-由贸易试验区,中国（云南）自由贸易试验区红河片区依法自主开展经营活动）河口县人民路与环城路之间紫檀星苑2幢商业1号,,
红河哈尼族彝族自治州市,华美口腔(老寨店),红河哈尼族彝族自治州市-未知区域,云南省红河哈尼族彝族自治州蒙自市老寨苗族乡老寨街道99号怀德仁药店旁,,
红河哈尼族彝族自治州市,华美口腔(芷村店),红河哈尼族彝族自治州市-未知区域,云南省红河哈尼族彝族自治州蒙自市芷村镇中山路146号,,
红河哈尼族彝族自治州市,华美口腔(蒙自草坝店),红河哈尼族彝族自治州市-未知区域,云南省红河哈尼族彝族自治州蒙自市草坝镇农贸市场西北面1层,,
红河哈尼族彝族自治州市,华美口腔(蒙自雨过铺店),红河哈尼族彝族自治州市-未知区域,云南省红河哈尼族彝族自治州蒙自市雨过铺镇卫生院旁,,
红河哈尼族彝族自治州市,华美口腔(鸣鹫店),红河哈尼族彝族自治州市-未知区域,云南省红河哈尼族彝族自治州蒙自市鸣鹫镇南北大街99号,,
红河哈尼族彝族自治州市,蒙自吉一祥口腔门诊部,红河哈尼族彝族自治州市-文澜街道红竺园社区,云南省红河哈尼族彝族自治州蒙自市文澜街道红竺园社区居民委员会锦华路与朝阳路交叉路口(原奔牛酒店),,
杭州市,匠心德贝口腔(上城分院),杭州市-上城区,浙江省杭州市上城区杭海路265-1号,,
杭州市,匠心德贝口腔(下沙保利院区),杭州市-钱塘新区,浙江省杭州市钱塘新区白杨街道24号大街408-13号二楼,,
杭州市,匠心德贝口腔(下沙分院),杭州市-钱塘新区,浙江省杭州市钱塘新区27号路30号,,
杭州市,匠心德贝口腔(德奥分院),杭州市-滨江区,浙江省杭州市滨江区长河街道滨盛路2262号,,
杭州市,匠心德贝口腔(明石路店),杭州市-上城区,杭州市上城区明石路467号-1,,
杭州市,匠心德贝口腔(滨江总院),杭州市-滨江区,浙江省杭州市滨江区浦沿街道东信大道1215号,,
杭州市,匠心德贝口腔(萧山分院),杭州市-萧山区,浙江省杭州市萧山区城厢街道金湖艺境城6-8号201室,,
杭州市,建德口腔医院,杭州市-新安江街道严州大道500号美好广场1幢大厦二楼南区,浙江省杭州市建德市新安江街道严州大道500号美好广场1幢大厦二楼南区,,
杭州市,杭州亮贝美口腔医院(城东总院),杭州市-江干区,杭州市江干区机场路355号浙商国际中心1幢301-318,,
杭州市,杭州富阳牙博士口腔门诊部有限公司,杭州市-富阳区,浙江省杭州市富阳区富春街道桂花西路309号301室、桂花西路309-1.2.3.5号、桂花西路309-8号,,
杭州市,杭州牙博士口腔门诊部有限公司,杭州市-拱墅区,浙江省杭州市拱墅区壹向大楼101室、202室、201室-1、301室-2、302室,,
杭州市,杭州马泷壹合(滨江银泰店),杭州市-滨江区,浙江省杭州市滨江区西兴街道启智街515号滨江银泰百货B区,,
杭州市,雅莱齿科(城北万达院),杭州市-拱墅区,浙江省杭州市拱墅区中尚汇府1幢1-201、202、203、204、205室,,
杭州市,雅莱齿科(奥体中心院),杭州市-萧山区,浙江省杭州市萧山区宁围街道市心北路1973号301、302室,,
杭州市,雅莱齿科(杭州东站院),杭州市-上城区,浙江省杭州市上城区源聚路299号钱涌白石中心1号楼104室、201-205室、301-305室,,
杭州市,雅莱齿科(滨江彩虹院),杭州市-滨江区,浙江省杭州市滨江区滨盛路4148号二层,,
湖州市,上海鼎植口腔(湖州分院),湖州市-未知区域,湖州市扶苗商城8号楼4楼（天宁巷与府庙前交叉口，一楼医院门厅）,,
湖州市,英博口腔(湖州店),湖州市-吴兴区,"浙江省湖州市吴兴区天杏公寓人民路353,355号",,
济源市,济源星湖湾韩梅口腔门诊部(星湖湾店),济源市-北海大道星湖湾小区,河南省济源市北海大道星湖湾小区南门东邻101号,,
济源市,济源瑞派口腔门诊部,济源市-未知区域,河南省济源市济源市豫港花园南门东起第三间,,
济源市,牙乐园口腔,济源市-未知区域,河南省济源市济源市中盛建材市场北门,,
济源市,韩梅口腔门诊部,济源市-未知区域,河南省济源市济源市河南省济源市济水大街中段1331号,,
江门市,侨邑口腔(东湖院区),江门市-蓬江区,广东省江门市蓬江区港口路65号三层、四层,,
江门市,侨邑口腔(高尔夫区),江门市-蓬江区,广东省江门市蓬江区江侨路76号301、302、303、304、305、306室,,
江门市,江门暨博口腔医院,江门市-蓬江区,江门市蓬江区迎宾大道西3号,,
江门市,江门暨博口腔医院,江门市-未知区域,江门市迎宾大道西3号101-123室,,
江门市,江门暨博口腔医院有限公司,江门市-蓬江区,"江门市蓬江区迎宾大道西3号101室,122室,123室,201室-220室,222室-244室,246室,248室-250室,252室,254-261室",,
江门市,蓬江齿美口腔种植正畸中心(高尔夫店),江门市-蓬江区,江门市蓬江区江桥路绿茵高尔夫商业街72号212-217铺（麦当劳二楼）,,
揭阳市,金铂利口腔连锁·种植矫正中心(普宁店),揭阳市-流沙南街道里宅社区,揭阳市普宁市流沙南街道里宅社区东环大道1075号,,
焦作市,中浩口腔,焦作市-解放区,河南省焦作市解放区解放中路399号金德利新都汇A区第二层A201、A202、A203号,,
焦作市,军美口腔门诊部(人民路店),焦作市-山阳区,河南省焦作市山阳区新城街道人民路东段师专正对面113号,,
焦作市,植得口腔(焦作院区),焦作市-山阳区,焦作市山阳区东方红街道塔南路26号,,
焦作市,植得口腔焦作院区,焦作市-山阳区,河南省焦作市山阳区塔南路与解放路交叉口西南角植得口腔医院,,
焦作市,焦作市大白象口腔门诊部,焦作市-山阳区,河南省焦作市山阳区塔南路1514号石化小区门面房8号,,
焦作市,焦作市小白象儿童牙科门诊部,焦作市-解放区,河南省焦作市解放区焦南街道民主南路1669号,,
焦作市,焦作市解放区小白象口腔门诊部,焦作市-解放区,河南省焦作市解放区王褚街道民主南路739号锦江现代城巴黎御景10号商住楼689.691.693.695.697.699号商铺,,
焦作市,焦作市解放区焦北小白象口腔门诊部,焦作市-解放区,河南省焦作市解放区民主中路48号商住楼1号,,
荆门市,咿呀口腔(中天店),荆门市-东宝区,湖北省荆门市东宝区龙泉街道办长宁大道68号,,
荆门市,牙医生口腔南台分院,荆门市-东宝区,湖北省荆门市东宝区白云大道豪景花园东方百货旁,,
荆州市,伢美口腔,荆州市-公安县,荆州市公安县斗湖堤镇恒盛世家东北门旁,,
荆州市,咿呀口腔(万达店),荆州市-荆州区,湖北省荆州市荆州区江津西路17号(紫荆御景)第一栋104-106号,,
荆州市,咿呀口腔(松滋店),荆州市-未知区域,湖北省荆州市松滋市新江口街道乐乡大道140-7号,,
荆州市,咿呀口腔(沙市店),荆州市-区北京中路231号凤凰城C区,湖北省荆州市沙市区北京中路231号凤凰城C区1栋2层10号、2层8号,,
荆州市,欧乐口腔（洪湖店）,荆州市-未知区域,荆州市洪湖市新堤街道洪林大道圆梦城16号楼128号,,
佳木斯市,唯伊口腔,佳木斯市-向阳区,黑龙江省佳木斯市向阳区红旗街1680号,,
佳木斯市,熙世博口腔(张胜男口腔),佳木斯市-向阳区,黑龙江省佳木斯市向阳区西林路392号,,
景德镇市,瓷城口腔医院(景德镇店),景德镇市-珠山区,江西省景德镇市珠山区广场北路501号,,
景德镇市,美阳口腔(国信御城分院),景德镇市-昌江区,江西省景德镇市昌江区瓷都大道国信御城16栋11号店,,
景德镇市,美阳口腔(康家花园分院),景德镇市-昌江区,江西省景德镇市昌江区康家花园一期4栋5号楼B08A复式B18、B19商业,,
景德镇市,美阳口腔(新厂分院),景德镇市-珠山区,江西省景德镇市珠山区昌河大道金马千禧公寓C栋11号店,,
景德镇市,美阳口腔(昌江瑞景院),景德镇市-珠山区,江西省景德镇市珠山区昌江大道昌江瑞景小区1栋二层写字楼,,
景德镇市,美阳口腔(浙江路分院),景德镇市-珠山区,江西省景德镇市珠山区浙江路大江新城二期8栋1号店,,
景德镇市,美阳口腔(陶新分院),景德镇市-珠山区,景德镇市珠山区陶新家园东区1栋1号,,
吉安市,吉安仁心口腔,吉安市-吉州区,江西省吉安市吉州区吉福路56号4楼,,
吉安市,遂川阳光口腔,吉安市-遂川县,江西省吉安市遂川县泉江镇川江南路16号,,
锦州市,医施诺口腔门诊(市府路店),锦州市-太和区,辽宁省锦州市太和区市府西路石化新区C区5-102号,,
锦州市,医施诺洛阳路口腔门诊,锦州市-凌河区,辽宁省锦州市凌河区洛阳路五段恒升现代城11甲号,,
锦州市,壹玖贰口腔门诊,锦州市-凌河区,辽宁省锦州市凌河区湖北路四段17−51−52号,,
九江市,中山口腔(万达院区),九江市-濂溪区,江西省九江市濂溪区德化路559号理想家园3栋101-105,,
九江市,中山口腔(九龙街总院),九江市-濂溪区,江西省九江市濂溪区江西省九江市濂溪区海逸花园1栋101号 九江中山口腔医院(长虹大道总院),,
九江市,中山口腔(大树下院区),九江市-浔阳区,江西省九江市浔阳区十里大道49号,,
九江市,中山口腔(庐山西路院区),九江市-柴桑区,江西省九江市柴桑区庐山西路闽华兴苑3号商铺,,
九江市,中山口腔(湖滨院区),九江市-浔阳区,江西省九江市浔阳区庐山路52号,,
九江市,中山口腔(贤母园院区),九江市-柴桑区,江西省九江市柴桑区渊明大道北侧凯旋城三期1栋1-22号,,
九江市,中山口腔(马狮院区),九江市-浔阳区,江西省九江市浔阳区庐峰北路52号,,
九江市,修水中山口腔门诊部,九江市-修水县,江西省九江市修水县义宁镇山谷大道中邦银都1小区3栋一层1701铺面,,
九江市,壹方口腔(怡庐苑店),九江市-濂溪区,江西省九江市濂溪区江西省九江市八里湖新区怡庐苑1期17-06门面,,
九江市,壹方口腔(金鹏城店),九江市-八里湖新区,江西省九江市八里湖新区长虹西大道388号金鹏城三期S6商业不分单元302室,,
九江市,奇洋口腔(八里湖分院),九江市-八里湖新区,九江市八里湖新区八里湖大道80号九江碧桂园江州府锦园20幢不分单元105,,
九江市,奇洋口腔(新桥头总院),九江市-浔阳区,江西省九江市浔阳区九龙街07-1地块龙翔国贸大厦1楼1号、3号门面后段,,
九江市,奇洋口腔(老长途汽车站分院),九江市-浔阳区,江西省九江市浔阳区东门口9号信华苑A栋20,,
九江市,奇洋口腔门诊部(万达分院),九江市-濂溪区,"九江市濂溪区浔南大道188号远洲九悦延商业11号不分单元101,201,102,202号房",,
九江市,辉煌口腔(永修分店),九江市-永修县,江西省九江市永修县新城大道（原民政局办公楼）,,
吉林市,吉林市龙潭区范增悦口腔科诊所,吉林市-龙潭区,吉林省吉林市龙潭区南宁街44-1号,,
吉林市,吉诚口腔(万科店),吉林市-丰满区,吉林省吉林市丰满区吉林市高新技术产业开发区荣光花园14#-9网点,,
吉林市,吉诚口腔(中东店),吉林市-船营区,吉林省吉林市船营区中东路6号中凯梦之城11号楼6号网点,,
吉林市,吉诚口腔(永吉旗舰店),吉林市-永吉县,吉林省吉林市永吉县口前镇兴凯尚街嘉元思域1号2号网点,,
吉林市,吉诚口腔(江南店),吉林市-丰满区,吉林省吉林市丰满区中海国际社区A期A2号楼1层11、12、13号网点,,
吉林市,吉诚口腔(船营店),吉林市-船营区,吉林省吉林市船营区长春路85号西城首府G号商业用房2号楼0单元1层23号楼下,,
吉林市,壹舟健康家庭门诊(吉林财富购物广场店),吉林市-昌邑区,吉林省吉林市昌邑区重庆路1367号吉林财富购物广场4楼,,
吉林市,昌邑区吉诚口腔,吉林市-昌邑区,吉林省吉林市昌邑区万达广场项目A2-16号商铺0单元1至2层001号、002号、003号,,
吉林市,爱齿口腔兴隆街门诊,吉林市-丰满区,吉林省吉林市丰满区兴隆街紫金江尚18号楼,,
吉林市,爱齿口腔欣昌街门诊,吉林市-昌邑区,吉林省吉林市昌邑区欣昌街松江方舟教堂对面,,
吉林市,爱齿口腔辽宁路门诊,吉林市-昌邑区,吉林省吉林市昌邑区辽宁路与四川街交汇处火车站东出口,,
济南市,九二零凯瑞口腔(东城逸家店),济南市-高新区,山东省济南市高新区舜义路1466号,,
济南市,九二零凯瑞口腔(名泉广场店),济南市-天桥区,山东省济南市天桥区宝华街37号名泉春晓一期工程（F地块北）4号楼1-105、106,,
济南市,九二零凯瑞口腔(海德公馆店),济南市-历城区,山东省济南市历城区辛祝路保利海德公馆物业10号楼2-106、107,,
济南市,九二零凯瑞口腔(绿地商城店),济南市-天桥区,山东省济南市天桥区济泺路114-4号,,
济南市,博宁口腔(经八路门诊),济南市-中区,山东省济南市市中区经八路66号三箭瑞福苑二区1号楼1-101,,
济南市,博宁口腔景诚门诊(万达广场店),济南市-中区,山东省济南市市中区魏家庄街道万达广场帝景苑4号楼底商102号与103号,,
济南市,山东渝博口腔医院有限公司,济南市-中区,山东省济南市市中区魏家庄万达广场豪景苑5号楼109,,
济南市,市中博宁舜景口腔诊所,济南市-中区,山东省济南市市中区玉函小区南路1号山景舜园2号1-102,,
济南市,新城口腔,济南市-章丘区,山东省济南市章丘区圣井街道碧桂园凤凰城东地块一区007号楼商铺109、110,,
济南市,瑞祯口腔(羊步岭店),济南市-章丘区,山东省济南市章丘区双山西街羊步岭小区沿街商铺1395号,,
晋中市,中诺口腔(晋中种植牙总院),晋中市-榆次区,晋中市榆次区晋华街道西顺城街285号,,
晋中市,众禾口腔,晋中市-灵石县,山西省晋中市灵石县翠峰镇天石新城劳动保障大厦底商（原信用社）,,
晋中市,刘双全口腔(矫正种植牙中心),晋中市-榆次区,山西省晋中市榆次区西南街道蕴华街7号-11 号商铺,,
晋中市,刘双全口腔门诊部(介休店),晋中市-北坛街道北坛东路50号华润苑小区,山西省晋中市介休市北坛街道北坛东路50号华润苑小区西3号商铺,,
晋中市,刘双全口腔门诊部(大学城店),晋中市-榆次区,山西省晋中市榆次区郭家堡乡纬四街万科朗润园 AI幢113号商铺,,
晋中市,刘双全口腔门诊部(漫乐城店),晋中市-榆次区,山西省晋中市榆次区安宁街道定阳路739号山西漫乐城购物中心北一层2室商铺,,
晋中市,刘双全口腔门诊部(碧桂园店),晋中市-榆次区,山西省晋中市榆次区安宁街道文苑街251号晋中碧桂园11幢112商铺,,
晋中市,晋中榆次雷红口腔门诊部,晋中市-榆次区,山西省晋中市榆次区中都北路315号立昌商务中心5楼,,
晋中市,爱芽口腔,晋中市-榆次区,山西省晋中市榆次区安宁东街金润园小区16号楼108号商铺,,
晋中市,环中口腔(榆次店),晋中市-榆次区,晋中市榆次区北关街道中都北路333号中都商务中心,,
晋城市,小苹果口腔(阳城店),晋城市-阳城县,山西省晋城市阳城县山西省晋城市阳城县建南桥北—住建局坡上原妇幼保健院斜对面,,
晋城市,晋城环中口腔,晋城市-城区,晋城市城区钟家庄街道文昌西街与泽州路交叉口西南角(钟家庄社区),,
晋城市,洁美口腔,晋城市-未知区域,山西省晋城市高平市北城街道丹河北路 293号,,
晋城市,牙医生口腔门诊部,晋城市-城区,山西省晋城市城区红星西街1163号,,
金华市,义乌牙博士口腔门诊部有限公司,金华市-未知区域,浙江省义乌市稠城街道城中中路88号1、3、4楼,,
金华市,佳华口腔,金华市-金东区,浙江省金华市金东区多湖街道光南路139 弄23号,,
金华市,品诚口腔门诊部,金华市-婺城区,浙江省金华市婺城区西关街道寺后皇街72、74、76号,,
金华市,金华市锋范口腔门诊部,金华市-金东区,浙江省金华市金东区李渔东路528号步阳华府20幢101室,,
嘉兴市,嘉兴市秀洲区牙博士口腔门诊部有限公司,嘉兴市-江南摩尔西区,嘉兴市江南摩尔西区西A-206室,,
嘉兴市,嘉兴牙博士口腔门诊部有限公司,嘉兴市-南湖区,嘉兴市南湖区禾兴南路1197号,,
嘉兴市,嘉兴牙博士城东口腔门诊部有限公司,嘉兴市-南湖区,浙江省嘉兴市南湖区南湖街道巴黎都市维莱特宫7幢商铺1号、2号、3号、4号、5号、6号,,
嘉兴市,嘉善牙博士口腔门诊部有限公司,嘉兴市-嘉善县,浙江省嘉兴市嘉善县罗星街道农商路277号一层西侧103号铺位、三层四层整层,,
嘉兴市,复尔口腔(梅园店),嘉兴市-未知区域,浙江省嘉兴市平湖市当湖街道梅兰路128号3楼3007室,,
嘉兴市,海宁牙博士口腔门诊部有限公司,嘉兴市-未知区域,浙江省嘉兴市海宁市海洲街道塘南西路3、5、7、9号,,
嘉兴市,牙叔叔口腔,嘉兴市-南湖区,嘉兴市南湖区南湖街道文星花园长中苑34幢301室-1,,
济宁市,济宁爱乐口腔,济宁市-任城区,山东省济宁市任城区南苑街道鲁商运河公馆北门爱乐口腔,,
开封市,优尚口腔门诊部,开封市-龙亭区,河南省开封市龙亭区西环路北段小北岗附43号房,,
开封市,双龙口腔东区店,开封市-顺河回族区,河南省开封市顺河回族区平等街1号楼10号,,
开封市,双龙口腔枫华店,开封市-龙亭区,河南省开封市龙亭区枫华之家1号商住楼1-2层105铺,,
开封市,天地人口腔(康力路院区),开封市-通许县,河南省开封市通许县 开封市通许县康力路中段路西,,
开封市,天地人口腔(橄榄城店),开封市-尉氏县,河南省开封市尉氏县北二环与广场西路交叉口路东橄榄城御府西门北20米,,
开封市,天地人口腔(紫荆华府院区),开封市-通许县,河南省开封市通许县通许县解放路紫荆华府售楼部西临,,
开封市,开封龙亭优博雅口腔门诊部,开封市-龙亭区,河南省开封市龙亭区北郊乡复兴大道圣桦城一期8号楼106商铺,,
开封市,杞县宋凯口腔门诊,开封市-杞县,河南省开封市杞县银河路欣泰百货南五十米路东,,
开封市,植得口腔(开封院区),开封市-示范区,河南省开封市示范区郑开大道28号迪臣世博广场B楼一层101号,,
开封市,植得口腔开封院区,开封市-龙亭区,河南省开封市龙亭区示范区郑开大道28号迪臣世博广场B楼一层101号,,
开封市,河川口腔连锁(禹王台区大南门店),开封市-禹王台区,河南省开封市禹王台区中山路南端A区北角楼,,
开封市,祥符益齿口腔,开封市-祥符区,河南省开封市祥符区县府北街东京9里23号楼117铺,,
开封市,豫大口腔(杞县店),开封市-杞县,开封市杞县银河路189号,,
开封市,豫大口腔(黄河店),开封市-未知区域,开封市黄河大街塞纳左岸沿街商铺1期南1号、2号、3号，2号楼营业房南5号,,
开封市,豫大口腔(鼓楼店),开封市-鼓楼区,开封市鼓楼区相国寺街道鼓楼街68号,,
昆明市,德韩口腔(希望院区),昆明市-西山区,云南省昆明市西山区希望路理想小镇4-8号1-3层,,
昆明市,德韩口腔(总院),昆明市-盘龙区,云南省昆明市盘龙区白龙路283号,,
昆明市,德韩口腔(欣都龙城院区),昆明市-盘龙区,云南省昆明市盘龙区欣都龙城商业中心3栋L.3层3-052号,,
昆明市,德韩口腔(金鹰院区),昆明市-五华区,云南省昆明市五华区青年路418号金鹰购物广场A座四层第9号商铺,,
昆明市,昆明五华长青口腔,昆明市-未知区域,环城西路31号,,
昆明市,昆明佳成口腔医疗门诊有限公司云南省昆明市盘龙区,昆明市-盘龙区,云南省昆明市盘龙区白龙路444号佳园小区17-18号商铺,,
昆明市,昆明佳成口腔医疗门诊有限公司盘龙云南映象口腔诊所,昆明市-盘龙区,云南省昆明市盘龙区穿金路764号云南映象小区一期一栋104号商铺,,
昆明市,昆明佳成口腔（佳园诊所）,昆明市-盘龙区,云南省昆明市盘龙区云南省昆明市盘龙区白龙路444号佳园小区17-18号商铺,,
昆明市,昆明佳成口腔（映象诊所）,昆明市-盘龙区,云南省昆明市盘龙区云南省昆明市盘龙区穿金路764号云南映象小区一期一栋104号商铺,,
昆明市,昆明殷丽口腔,昆明市-事处金星小区,联盟街道办事处金星小区商网A7幢金江路11号,,
昆明市,昆明殷丽口腔,昆明市-盘龙区,云南省昆明市盘龙区联盟街道办事处金星小区商网A7幢金江路11号,,
昆明市,昆明美奥口腔盘龙万宏国际口腔门诊部,昆明市-盘龙区,云南省昆明市盘龙区联盟路万宏路交汇处万宏嘉园1栋1-3层商场1-1号,,
昆明市,林兰口腔,昆明市-未知区域,兴苑路中段香格里拉盛景1栋1-3号商铺,,
昆明市,林兰口腔(马街店),昆明市-西山区,云南省昆明市西山区云春雨路28号附1号,,
昆明市,林兰口腔（兴苑路）,昆明市-西山区,云南省昆明市西山区云南省昆明市西山区兴苑路中段香格里拉盛景1栋1-3号商铺,,
昆明市,林兰口腔（马街店）,昆明市-未知区域,云春雨路28号附1号,,
昆明市,牙大侠口腔,昆明市-五华区,昆明市五华区牙大侠口腔,,
昆明市,艾洁芸芽口腔,昆明市-西山区,云南省昆明市西山区滇池度假区南悦城6栋126号,,
昆明市,韩美口腔(前卫西路院区),昆明市-西山区,云南省昆明市西山区云南省昆明市西山区前卫街道办事处润城小区（十区A1 1地块）SY3幢1-2层101、102、103号商铺,,
昆明市,韩美口腔(北京路院区),昆明市-盘龙区,云南省昆明市盘龙区云南省昆明市盘龙区北京路605号驰宇大厦1幢1层2层3层主楼、2层附楼,,
昆明市,韩美口腔(环城南路院区),昆明市-官渡区,云南省昆明市官渡区云南省昆明市官渡区太和街道环城南路北1506号,,
可克达拉市,李慧口腔(可克达拉店),可克达拉市-园区,新疆可克达拉市园区镇江东路1号财富商业广场3号楼1层105室,,
龙岩市,新罗溪楠口腔门诊部,龙岩市-新罗区,福建省龙岩市新罗区南城登高南街13-1号201D,,
龙岩市,龙岩万祥口腔水韵店,龙岩市-新罗区,福建省龙岩市新罗区龙腾卢水韵华都,,
龙岩市,龙岩万翔口腔东山店,龙岩市-新罗区,福建省龙岩市新罗区天马东路世纪榕华爱伊母婴中心二楼,,
龙岩市,龙岩万翔口腔交易城店,龙岩市-新罗区,福建省龙岩市新罗区闽西交易城,,
龙岩市,龙岩万翔口腔登高店,龙岩市-新罗区,福建省龙岩市新罗区登高西路光大银行二楼,,
龙岩市,龙岩紫晶口腔紫金山店,龙岩市-新罗区,福建省龙岩市新罗区华莲西路88号梧桐郡,,
兰州市,兰州市牙王国口腔医疗科技门诊部,兰州市-西固区,甘肃省兰州市西固区西固城街道玉门街27号1层-4层商铺,,
兰州市,康美齿科东岗分院,兰州市-城关区,甘肃省兰州市城关区城关区东岗东路808号焦家湾地铁站A出口,,
兰州市,康美齿科安宁分院,兰州市-安宁区,甘肃省兰州市安宁区万新南路182-186号(天居锦河丹堤),,
兰州市,康美齿科渭源路医院,兰州市-城关区,甘肃省兰州市城关区南昌路425号华宇大厦1、2楼,,
兰州市,康美齿科西固分院,兰州市-西固区,甘肃省兰州市西固区福利西路165号新嘉园广场一楼,,
兰州市,康美齿科西站分院,兰州市-七里河区,甘肃省兰州市七里河区敦煌路513号(火星街十字西北角）,,
兰州市,康美齿科酒泉路中心分院,兰州市-城关区,甘肃省兰州市城关区酒泉路北段437号金地商务大厦9楼、10楼、12楼,,
兰州市,康美齿科鸿运分院,兰州市-城关区,甘肃省兰州市城关区城关区雁北路1976号(鸿运润园南门西侧),,
兰州市,牙王国口腔(广场南路门诊部),兰州市-城关区,甘肃省兰州市城关区广场南路131号四楼,,
六安市,康齿口腔,六安市-舒城县,安徽省六安市舒城县城关镇春秋北路万福庄园牡丹苑,,
六安市,悦牙口腔(三里桥旗舰店),六安市-金安区,安徽省六安市金安区三里桥街道华安未来城1号楼101商铺,,
六安市,悦牙口腔(碧桂园店),六安市-金安区,安徽省六安市金安区碧桂园105幢101(201)铺,,
六安市,锐齿口腔诊所,六安市-金安区,安徽省六安市金安区淠望南路阳光威尼斯28号楼108~109号商铺,,
六安市,颜土豆口腔,六安市-裕安区,安徽省六安市裕安区平桥乡华邦新华城荣华园西门45号商铺109,,
乐东黎族自治县市,微笑牙科口腔(乐东利国门诊部),乐东黎族自治县市-乐东黎族自治县,海南省乐东黎族自治县乐东县利国镇望楼河大桥东面南侧,,
乐东黎族自治县市,微笑牙科口腔(乐东县城店),乐东黎族自治县市-乐东黎族自治县,海南省乐东黎族自治县乐城吉祥路第二小综合楼向右第15间,,
乐东黎族自治县市,微笑牙科口腔(乐东黄流店),乐东黎族自治县市-乐东黎族自治县,海南省乐东黎族自治县黄流镇黄流中学大门东侧33、34号铺,,
乐东黎族自治县市,微笑牙科口腔（乐东利国门诊部）,乐东黎族自治县市-乐东黎族自治县,海南省乐东黎族自治县利国镇望楼河大桥东面南侧,,
乐东黎族自治县市,微笑牙科口腔（乐东县城店）,乐东黎族自治县市-乐东黎族自治县,海南省乐东黎族自治县抱由镇乐城乐祥路第二小学综合楼铺面,,
乐东黎族自治县市,微笑牙科口腔（乐东黄流店）,乐东黎族自治县市-乐东黎族自治县,海南省乐东黎族自治县黄流镇黄流中学大门东侧33、34号铺,,
六盘水市,六盘水京州口腔(国贸广场分院),六盘水市-钟山区,贵州省六盘水市钟山区钟山中路57号二楼,,
六盘水市,六盘水京州口腔(明湖路分院),六盘水市-钟山区,贵州省六盘水市钟山区明湖路3号宏钟综合商楼二、三楼,,
六盘水市,六盘水京州口腔(黄土坡分院),六盘水市-钟山区,贵州省六盘水市钟山区黄土坡街道钟山西路81号201室、202室,,
六盘水市,德韩口腔(盘州院区),六盘水市-未知区域,贵州省六盘水市盘州市亦资街道胜境大道尚品国际商业广场1栋3单元4号,,
柳州市,柳州安心口腔,柳州市-鱼峰区,广西壮族自治区柳州市鱼峰区东环大道47号4栋安心口腔,,
柳州市,牙卫士口腔康城店,柳州市-柳北区,广西壮族自治区柳州市柳北区北雀路28号,,
柳州市,牙卫士口腔柳邕店,柳州市-柳南区,"广西壮族自治区柳州市柳南区柳邕路255号2,3楼",,
柳州市,艾齐美口腔门诊部,柳州市-柳北区,广西壮族自治区柳州市柳北区滨江东路50号杨柳郡柳园小区1栋201-208,,
柳州市,融水美齿口腔,柳州市-融水苗族自治县,广西壮族自治区柳州市融水苗族自治县寿星中路融水宝庆商住中心B幢116号,,
来宾市,新蓝天口腔,来宾市-象州县,广西壮族自治区来宾市象州县裕达.盛世东方城H栋119号,,
来宾市,武宣品悦口腔,来宾市-武宣县,广西壮族自治区来宾市武宣县武宣镇鞍山路144号一楼,,
来宾市,牙一乐连锁口腔（来宾店）,来宾市-兴宾区,广西壮族自治区来宾市兴宾区新兴路140号工商银行宿舍,,
廊坊市,一乐口腔(幸福港湾店),廊坊市-固安县,河北省廊坊市固安县工业园区东方街南侧幸福港湾1#9A/12/13,,
廊坊市,伊乐美口腔,廊坊市-固安县,河北省廊坊市固安县天顺家园2期268号,,
廊坊市,廊坊马泷口腔门诊部,廊坊市-广阳区,河北省廊坊市广阳区广阳道与裕华路交口万向国际大厦附近万向城商场F2,,
廊坊市,心爱齿口腔门诊部(文安店),廊坊市-文安县,河北省廊坊市文安县城西关外大街北侧（兴文道401号）,,
廊坊市,皓宇口腔,廊坊市-广阳区,廊坊市广阳区南尖塔镇华夏幸福城欣园底商7-1-101,,
洛阳市,九龙口腔连锁(万达门诊部),洛阳市-涧西区,涧西区延安路与丽新路交叉口,,
洛阳市,九龙口腔连锁(八一门诊部),洛阳市-西工区,西工区八一路20号城市杰座一楼,,
洛阳市,九龙口腔连锁(太康路门诊部),洛阳市-洛龙区,洛龙区太康路金城寨街口银润中央广场,,
洛阳市,九龙口腔连锁(永泰街门诊部),洛阳市-洛龙区,洛龙区永泰街香山路口南,,
洛阳市,九龙口腔连锁(洛宁一门诊部),洛阳市-洛宁县,洛宁县永宁大道洛宁一高斜对面,,
洛阳市,九龙口腔连锁(涧西浅井南路店),洛阳市-涧西区,涧西区浅井南路中富锦园一楼门面,,
洛阳市,九龙口腔连锁(瀍河门诊部),洛阳市-瀍河区,瀍河区启明南路启明星公寓,,
洛阳市,九龙口腔连锁(状元红路店),洛阳市-老城区,老城区状元红路与墨香路交叉口老城区政府对面,,
洛阳市,九龙口腔连锁(英才路门诊部),洛阳市-洛龙区,洛龙区英才路中泰华庭大门西侧,,
洛阳市,九龙口腔门诊部(万达门诊),洛阳市-涧西区,河南省洛阳市涧西区延安路世纪华阳六期169-1商铺,,
洛阳市,九龙口腔门诊部(上阳门诊),洛阳市-西工区,河南省洛阳市西工区上阳路上阳花园109栋6单元102室,,
洛阳市,九龙口腔门诊部(八一门诊),洛阳市-西工区,河南省洛阳市西工区八一路20号,,
洛阳市,九龙口腔门诊部(周山口腔),洛阳市-涧西区,河南省洛阳市涧西区周山东路39号,,
洛阳市,九龙口腔门诊部(太康分院),洛阳市-洛龙区,河南省洛阳市洛龙区太康路中央广场北侧一楼门面,,
洛阳市,九龙口腔门诊部(永泰分院),洛阳市-洛龙区,河南省洛阳市洛龙区永泰街建业龙城二期16幢104商铺,,
洛阳市,九龙口腔门诊部(洛宁一分院),洛阳市-洛宁县,河南省洛阳市洛宁县永宁大道名门嘉苑楼下,,
洛阳市,九龙口腔门诊部(洛宁二分院),洛阳市-洛宁县,河南省洛阳市洛宁县永宁大道金海小区商铺东一至五号,,
洛阳市,九龙口腔门诊部(浅井口腔),洛阳市-涧西区,河南省洛阳市涧西区浅井南路中富锦园三号楼9号门面房,,
洛阳市,九龙口腔门诊部(瀍河分院),洛阳市-瀍河回族区,河南省洛阳市瀍河回族区启明南路135号启明星公寓2楼,,
洛阳市,九龙口腔门诊部(珠二分院),洛阳市-涧西区,河南省洛阳市涧西区乐山路23号,,
洛阳市,九龙口腔门诊部(科技园门诊),洛阳市-洛龙区,河南省洛阳市洛龙区科技园办事处龙腾C区2号商铺,,
洛阳市,九龙口腔门诊部(纱厂门诊),洛阳市-西工区,河南省洛阳市西工区纱厂南路28号,,
洛阳市,九龙口腔门诊部(老城门诊),洛阳市-老城区,河南省洛阳市老城区状元红街道状元红路德和园3号楼110室,,
洛阳市,九龙口腔门诊部(英才分院),洛阳市-洛龙区,河南省洛阳市洛龙区英才路8号中泰华庭5幢103商铺,,
洛阳市,伊川党参口腔门诊部,洛阳市-伊川县,河南省洛阳市伊川县河南省洛阳市伊川县城关镇鹤鸣路232号,,
洛阳市,伊川城区贝尔口腔诊所,洛阳市-伊川县,河南省洛阳市伊川县仁大路与书香路交叉口向南50米路西林溪公馆1楼10号,,
洛阳市,圆图口腔门诊部,洛阳市-老城区,河南省洛阳市老城区洛阳市老城区黄梅路周公菜市场东门口,,
洛阳市,孟津雅美口腔门诊部,洛阳市-孟津区,河南省洛阳市孟津区孟津区城关镇会盟大道中段南侧河洛年华1幢210,,
洛阳市,安济综合门诊部,洛阳市-老城区,洛阳市老城区春都路72号,,
洛阳市,宜阳小兔口腔门诊部(人民北路店),洛阳市-北路光影小区,城关镇人民北路光影小区南门1号楼二楼门面房,,
洛阳市,小天鹅口腔门诊部,洛阳市-嵩县,河南省洛阳市嵩县湖滨花园35号（永安街）,,
洛阳市,小白兔(武汉路店),洛阳市-未知区域,汉口南路中弘卓越城7号楼94号一层门店房,,
洛阳市,小白兔口腔门诊部(伊川店),洛阳市-未知区域,城关街道办事处文化北路238号,,
洛阳市,斯麦尔口腔医院,洛阳市-西工区,河南省洛阳市西工区西小屯健康西路7号,,
洛阳市,斯麦尔口腔门诊部(孟津店),洛阳市-孟津区,河南省洛阳市孟津区桂花大道中段桂花国际茗城108号,,
洛阳市,植得口腔(洛阳院区),洛阳市-涧西区,河南省洛阳市涧西区南昌路85号一幢1-102,,
洛阳市,植得口腔洛阳院区,洛阳市-涧西区,河南省洛阳市涧西区南昌路85号一幢1-102,,
洛阳市,正美口腔门诊,洛阳市-洛宁县,洛阳市洛宁县文昌路宝莱眼镜店二楼201室,,
洛阳市,汝阳小叮当口腔门诊部(文化路店),洛阳市-汝阳县,河南省洛阳市汝阳县文化路18号,,
洛阳市,汝阳小白牙口腔门诊部,洛阳市-汝阳县,河南省洛阳市汝阳县瑞云大道瑞丽湾12号楼02号商铺,,
洛阳市,洛阳友好小白兔口腔总院,洛阳市-洛龙区,河南省洛阳市洛龙区英才路36号万基公寓1幢101,,
洛阳市,洛阳合美口腔,洛阳市-洛龙区,河南省洛阳市洛龙区永泰街展览路交叉沁泉苑西门17号商铺,,
洛阳市,洛阳市洛龙区科技园社区卫生服务中心,洛阳市-洛龙区,河南省洛阳市洛龙区洛龙区洛宜路与子玄街交叉口路南50米,,
洛阳市,洛阳德正口腔医院,洛阳市-嵩县,河南省洛阳市嵩县人民路与建设路交叉口（白云大厦对面）,,
洛阳市,洛阳拜尔九龙口腔医院(九都路),洛阳市-西工区,河南省洛阳市西工区九都路58号春雷大厦,,
洛阳市,洛龙合信口腔门诊部,洛阳市-洛龙区,河南省洛阳市洛龙区古城路216号盛唐至尊10栋109商铺,,
洛阳市,焦氏口腔门诊部,洛阳市-宜阳县,河南省洛阳市宜阳县宜阳县城关镇西街立春二街二号,,
洛阳市,牙之佳口腔,洛阳市-洛宁县,河南省洛阳市洛宁县王范回族镇人民政府对面,,
洛阳市,牙管家口腔门诊部,洛阳市-伊川县,河南省洛阳市伊川县书院路伊尹路东30米路北,,
洛阳市,纳尔斯口腔门诊部凯旋店,洛阳市-西工区,河南省洛阳市西工区凯旋西路与纱厂南路交叉口西北角,,
洛阳市,纳尔斯口腔门诊部升龙店,洛阳市-西工区,河南省洛阳市西工区王城大道与健康西路交叉口西南角,,
洛阳市,纳尔斯口腔门诊部唐宫店,洛阳市-西工区,河南省洛阳市西工区唐宫路86号门面房（唐宫中路与丹城路交叉口西北角）,,
洛阳市,纳尔斯口腔门诊部政和店,洛阳市-洛龙区,河南省洛阳市洛龙区政和路与通济街交叉口西北角,,
洛阳市,贝尔口腔门诊部,洛阳市-伊川县,河南省洛阳市伊川县文化北路与新城大道交叉口北100米路西402号,,
洛阳市,馨钻口腔利民街店,洛阳市-瀍河区,河南省洛阳市瀍河区利民东街与利民南街交叉口,,
洛阳市,馨钻口腔新街店,洛阳市-老城区,河南省洛阳市老城区新街与唐宫路交叉口西南角向南20米路西,,
洛阳市,鹏杰口腔,洛阳市-洛宁县,河南省洛阳市洛宁县兴宁东路45号,,
漯河市,啄木鸟口腔(五一路店),漯河市-源汇区,河南省漯河市源汇区五一路北段80-2号,,
漯河市,啄木鸟口腔(交通路店),漯河市-源汇区,河南省漯河市源汇区交通路南段实验高中南,,
漯河市,啄木鸟口腔(铁东店),漯河市-召陵区,河南省漯河市召陵区人民东路479号,,
漯河市,斯迈尔口腔医院(总院),漯河市-临颍县,河南省漯河市临颍县书香水岸南门,,
漯河市,舒适美口腔(汉江路店),漯河市-源汇区,河南省漯河市源汇区汉江路与乐山路交叉口向北20米路西55号,,
漯河市,赛福口腔,漯河市-郾城区,河南省漯河市郾城区辽河路苹果公寓B座2B幢103号,,
陵水黎族自治县市,微笑口腔医院(陵水分院),陵水黎族自治县市-陵水黎族自治县,海南省陵水黎族自治县椰林镇文教路18-20号,,
陵水黎族自治县市,微笑口腔医院(陵水分院）,陵水黎族自治县市-陵水黎族自治县,海南省陵水黎族自治县椰林镇文教路18-20号,,
娄底市,娄新口腔,娄底市-娄星区,娄底市娄星区涟滨街道三泰·檀香山,,
娄底市,景辰口腔,娄底市-娄星区,娄底市娄星区大科街道甘桂路东侧1栋104号,,
辽源市,王淑芹口腔诊所,辽源市-龙山区,吉林省辽源市龙山区辽河大路5691号,,
辽源市,美植口腔,辽源市-龙山区,吉林省辽源市龙山区友谊大路星河万源·蓝湾,,
辽源市,辽源赵海波口腔医院,辽源市-龙山区,吉林省辽源市龙山区人民大街2886号南康003-001,,
连云港市,博奥口腔,连云港市-海州区,连云港市海州区科苑北路9号东盐河美食水岸项目3号楼,,
连云港市,博威口腔门诊部,连云港市-未知区域,连云港市解放东路129号19-20,,
连云港市,实鼎口腔.牙齿呵护中心,连云港市-未知区域,连云港市苍梧路明珠皇冠花园25号楼5号商铺,,
连云港市,梯瓦口腔(海州店),连云港市-海州区,连云港市海州区海州街道中大街108号,,
连云港市,梯瓦口腔（万润店）,连云港市-未知区域,连云港市陇海东路1号楼,,
连云港市,梯瓦口腔（君悦店）,连云港市-海州区,连云港市海州区新东街道巨龙路君悦财富广场4号楼127门面房(捷安特自行车旁),,
连云港市,梯瓦口腔（民主路店）,连云港市-未知区域,连云港市民主中路177号,,
辽阳市,嘉和口腔医院,辽阳市-白塔区,辽宁省辽阳市白塔区新兴街83-3号罗马假日小区底商,,
辽阳市,辽阳嘉和口腔医院,辽阳市-白塔区,辽宁省辽阳市白塔区新兴街83-3号,,
聊城市,恒丰口腔,聊城市-东昌府区,山东省聊城市东昌府区脑科医院南100米路西,,
聊城市,聊城领航口腔,聊城市-东昌府区,山东省聊城市东昌府区新区办事处建设东路水晶丽城东区临街5号商铺,,
临沂市,东方口腔门诊部,临沂市-沂南县,山东省临沂市沂南县振兴路与历山路交汇处路东50米,,
临沂市,临沂兰山美诺口腔门诊部,临沂市-兰山区,山东省临沂市兰山区临沂七路与解放路交汇南华强领秀城B区6号楼105,,
临沂市,临沂兰山美诺尔口腔门诊部,临沂市-兰山区,山东省临沂市兰山区北城新区马陵山路与北京路交汇西188米路南（沂龙湾御园北门）,,
临沂市,临沂合美口腔,临沂市-兰山区,山东省临沂市兰山区北京路与成都路交汇处十二星城北沿街,,
临沂市,牙尔乐口腔(北京路店),临沂市-兰山区,山东省临沂市兰山区北京路与秀水路交汇处东北角秀水雅苑沿街,,
临汾市,临汾合美口腔,临汾市-尧都区,山西省临汾市尧都区鼓楼西街道滨河东路御景水城御泽苑1号楼3号商铺,,
临汾市,临汾市尧都区合美口腔诊所有限公司,临汾市-尧都区,山西省临汾市尧都区鼓楼西街道滨河东路御景水城御泽苑1号楼3号商铺,,
临汾市,合美口腔·全国连锁(西赵路分院),临汾市-尧都区,临汾市尧都区鼓楼西街街道御景水城北门,,
临汾市,恒信齿科医院(中大街店),临汾市-尧都区,临汾市尧都区鼓楼西街街道常兴中街淮园餐厅旁2楼,,
临汾市,曲沃王琳口腔门诊部,临汾市-曲沃县,山西省临汾市曲沃县府东街十里山寨隔壁王琳口腔,,
临汾市,植美口腔(洪洞分院),临汾市-洪洞县,临汾市洪洞县大槐树镇育才路10号,,
泸州市,江阳微米口腔门诊部(酒城首峻店),泸州市-江阳区,四川省泸州市江阳区酒城大道一段9号20幢2层1号,,
泸州市,江阳金街微米口腔门诊部(万象汇店),泸州市-江阳区,四川省泸州市江阳区华阳街道康城路一段1号1号楼5层501号,,
吕梁市,卓越口腔(滨河北中路店),吕梁市-离石区,山西省吕梁市离石区滨河街道滨河北中路85号,,
吕梁市,孝义市爱牙口腔,吕梁市-未知区域,山西省吕梁市孝义市大众北路9号（市政府后门）,,
吕梁市,小苹果口腔(交城店),吕梁市-交城县,山西省吕梁市交城县山西省吕梁市交城县新开路与东关街交叉口（原东门口）,,
吕梁市,小苹果口腔(孝义店),吕梁市-未知区域,山西省吕梁市孝义市山西省吕梁市孝义市大众路热力公司沿街门市（长春酒店北100米）,,
吕梁市,爱牙口腔门诊部,吕梁市-未知区域,山西省吕梁市孝义市大众北路9号,,
吕梁市,环中口腔（汾阳院区）,吕梁市-未知区域,吕梁市汾阳市太和桥街道胜利东街财富中心42号,,
凉山彝族自治州市,西昌瑞莎口腔,凉山彝族自治州市-未知区域,四川省凉山彝族自治州西昌市月海路二段铁投壹号（鑫海国际酒店对面四川银行二楼）,,
乐山市,乐山舒美口腔诊,乐山市-中区,四川省乐山市市中区滟澜州青江路南段910号,,
乐山市,乐山英美牙科(张公桥店),乐山市-中区,四川省乐山市市中区嘉定南路503号正西方向50米(邮编:614000),,
乐山市,乐山英美牙科(杨家花园店),乐山市-中区,四川省乐山市市中区嘉定北路313、315、317号,,
乐山市,华西牙科(春华路店),乐山市-中区,乐山市市中区春华路中段326号2楼,,
乐山市,华西牙科嘉贝门诊(大件码头店),乐山市-中区,乐山市市中区滨河路939号2楼、941号1楼（相连）,,
马鞍山市,当涂雅洁口腔门诊部,马鞍山市-当涂县,安徽省马鞍山市当涂县姑孰镇青莲路384.386号,,
马鞍山市,鑫马口腔(军民路店),马鞍山市-雨山区,安徽省马鞍山市雨山区安徽省马鞍山市军民路翡翠森林花园东门综台楼5楼(民生银行楼上),,
马鞍山市,鑫马口腔(湖南东路店),马鞍山市-花山区,安徽省马鞍山市花山区安徽省马鞍山市花山区湖东路街道湖南东路1115号(金鹰购物中心东南斜对面) ,,
丽水市,丽水亮贝美口腔门诊部,丽水市-莲都区,浙江省丽水市莲都区人民街682号,,
丽水市,青田口腔医院,丽水市-青田县,浙江省丽水市青田县瓯南街道石门小区12幢4号,,
茂名市,致美口腔(双山门诊部),茂名市-未知区域,茂名市双山一路22号,,
茂名市,致美口腔（财富总院）,茂名市-未知区域,茂名市高凉南路157号,,
眉山市,仁寿丽齿传世口腔(城北店),眉山市-仁寿县,四川省眉山市仁寿县城北综合市场大门对面,,
眉山市,仁寿丽齿传世口腔(城南店),眉山市-仁寿县,四川省眉山市仁寿县城南广场永丰名门2楼,,
眉山市,泰康拜博口腔(彭山区店),眉山市-彭山区,四川省眉山市彭山区彭祖大道一段373号,,
梅州市,乾丰口腔（万福广场店）,梅州市-未知区域,梅州市公园南路万福购物广场自编11号复式店,,
梅州市,梅州乾丰贰号口腔门诊有限公司,梅州市-梅江区,梅州市梅江区正兴路皇家名典三期2-5号店铺/梅州市梅县区公园南路万福购物广场自编11号复式店,,
牡丹江市,伟波口腔门诊,牡丹江市-东安区,黑龙江牡丹江市东安区兴隆街领秀城,,
绵阳市,医博口腔(中大财富广场店),绵阳市-涪城区,绵阳市涪城区临园路中段99号中大财富广场2栋3层9号,,
绵阳市,医博口腔(长虹国际城店),绵阳市-涪城区,四川省绵阳市涪城区跃虹街7号长虹国际城五期(121大楼)5层,,
绵阳市,医博口腔(阳光曼哈顿店),绵阳市-涪城区,四川省绵阳市涪城区御林街11号阳光曼哈顿二期4栋2层,,
绵阳市,火星口腔(三台店),绵阳市-三台县,四川省绵阳市三台县北坝镇樟树路山鑫·东海岸3幢1-2-5,,
绵阳市,英博口腔(江油店),绵阳市-城区,四川省绵阳市江油市城区东大街85、87、89附7号1栋1楼7号,,
南平市,植雅口腔,南平市-延平区,福建省南平市延平区八一路2号新世纪商厦C幢二楼,,
南平市,牙佰年口腔(福航大厦店),南平市-未知区域,福建省南平市邵武市熙春中路福航大厦C幢二层,,
南阳市,尚德口腔(常绿林溪谷店),南阳市-卧龙区,河南省南阳市卧龙区光武街道光武路常绿林溪谷商业街2号楼1楼,,
南阳市,植得口腔(南阳卧龙院区),南阳市-卧龙区,南阳市卧龙区车站街道工业路联通公司南院门面房一楼（部门）、二楼,,
南阳市,植得口腔(高新时代院区),南阳市-高新区,河南省南阳市高新区茹楼社区范蠡东路482号丽康花园6幢,,
南阳市,植得口腔南阳卧龙院区,南阳市-卧龙区,河南省南阳市卧龙区中州路工业路交叉口西北角植得口腔,,
南阳市,植得口腔南阳时代院区,南阳市-宛城区,河南省南阳市宛城区范蠡路丽康花园南门植得口腔二楼,,
南阳市,袁氏口腔,南阳市-内乡县,河南省南阳市内乡县灵山南路罗岗村委会一楼,,
南阳市,门氏牙科连锁1店,南阳市-镇平县,河南省南阳市镇平县老312国道与健康路交叉口南80米路东,,
宁德市,宁德博仕口腔,宁德市-蕉城区,福建省宁德市蕉城区蕉城南路99-9号,,
宁德市,宁德荷马口腔,宁德市-蕉城区,福建省宁德市蕉城区八一五西路2号1幢201D室,,
宁德市,荷马口腔(福安旗舰店),宁德市-未知区域,福建省宁德市福安市鹤山路2号,,
宁德市,霞浦县牙博仕口腔,宁德市-霞浦县,福建省宁德市霞浦县赤岸大道66号福宁环球广场2幢,,
南京市,丹迪斯口腔·种植·修复·矫正中心(秦虹路店),南京市-秦淮区,南京市秦淮区秦虹街道秦虹路439号,,
南京市,六贝松丰口腔（栖霞好邻居店）,南京市-未知区域,南京市和悦街5号好邻里生活中心3F-03,,
南京市,南京丰沛口腔,南京市-未知区域,南京市红山路184-1号,,
南京市,南京六城口腔医院·二级口腔医院,南京市-六合区,南京市六合区雄州街道棠景路9号,,
南京市,南京江宁仁泽综合门诊部,南京市-江宁区,"江苏省南京市江宁区淳化街道东月桥路298号,300号",,
南京市,南京江宁牙博士口腔门诊部有限公司,南京市-江宁区,南京市江宁区秣陵街道天元中路229号21世纪现代城国际公寓55号F3-1（江宁开发区）,,
南京市,南京江宁紫元府中医门诊部有限公司,南京市-江宁区,南京市江宁区庄排路158号紫元府中医门诊部,,
南京市,博韵口腔医院（江宁总院）,南京市-未知区域,南京市上元大街238号一楼东北角和二楼整层,,
南京市,晶齿丽口腔（栖霞店）,南京市-未知区域,南京市丽岛花园东北1门西110米,,
南京市,牙博士南京机构,南京市-秦淮区,南京市秦淮区洪武路198号城开大厦101、201室,,
南京市,牙博士江北机构,南京市-江北新区,江北新区大桥北路20号江畔明珠广场16幢102室,,
南京市,牙博士河西机构,南京市-建邺区,建邺区兴隆大街155号1幢102室、103室,,
南京市,牙益舒口腔,南京市-江宁区,南京市江宁区秣陵街道秣周东路21号上秦淮假日酒店东侧2、3层,,
南京市,马泷齿科置略门诊（IFCX店）,南京市-未知区域,汉中路1号国际金融中心IFCX商场4楼01-03室,,
南宁市,八棵牙口腔(广场院),南宁市-宾阳县,广西壮族自治区南宁市宾阳县商贸城城东大道同景商业广场附楼商铺101号1-2层,,
南宁市,八棵牙口腔(新宾院),南宁市-宾阳县,广西壮族自治区南宁市宾阳县宾柳打车路03号,,
南宁市,八棵牙口腔(财政院),南宁市-宾阳县,广西壮族自治区南宁市宾阳县宾州镇财政路121、 123号,,
南宁市,南宁三分白齿科,南宁市-青秀区,广西壮族自治区南宁市青秀区合作路9号文莱园区商务写字楼A1-101号,,
南宁市,南宁博雅朗朗口腔,南宁市-兴宁区,广西壮族自治区南宁市兴宁区金源橘子郡C区106.108商铺,,
南宁市,南宁屹牙口腔门诊部,南宁市-青秀区,广西省南宁市青秀区教育路22号金凤凰.南湖御景1层02号商场一层112-1号、104号商铺,,
南宁市,南宁百合口腔医院,南宁市-江南区,广西壮族自治区南宁市江南区江南区国凯大道17号,,
南宁市,南宁荣代口腔门诊部,南宁市-青秀区,广西省南宁市青秀区民族大道131号航洋国际城A座11层,,
南宁市,南宁诺贝尔口腔北湖分院,南宁市-西乡塘区,广西壮族自治区南宁市西乡塘区明秀东路大唐天城8号楼（利泰酒店对面）,,
南宁市,南宁诺贝尔口腔埌东旗舰店,南宁市-青秀区,广西壮族自治区南宁市青秀区民族大道181号华丰城爱琴海城市广场4号门入口商场3楼,,
南宁市,南宁诺贝尔口腔民主总院,南宁市-兴宁区,广西壮族自治区南宁市兴宁区民主路16号（广西日报社斜对面）,,
南宁市,地王同步口腔门诊部,南宁市-青秀区,广西壮族自治区南宁市青秀区金湖路59号地王国际商会中心2层商场03号商铺,,
南宁市,小骆驼口腔(大唐天城店),南宁市-西乡塘区,广西壮族自治区南宁市西乡塘区北湖北路4号大唐天城三期1~6号楼商业一层145号商铺,,
南宁市,怡友口腔(仙葫店),南宁市-青秀区,广西壮族自治区南宁市青秀区仙葫大道335号,,
南宁市,横州领航牙博士口腔,南宁市-西壮族自治区,广西壮族自治区南宁市横州市茉莉花大道与江北大道交汇贵源精品二楼（职中对面）,,
南宁市,武鸣同步口腔,南宁市-武鸣区,广西壮族自治区南宁市武鸣区城厢镇新兴社区兴武大道167号恒宁太阳广场城东商贸城商业主力店3-1-27 3-183-225号铺面,,
南宁市,牙精灵口腔(相思湖店),南宁市-西乡塘区,广西壮族自治区南宁市西乡塘区相思湖西路7号相思湖花园2楼,,
南宁市,牙精灵口腔广西大学店,南宁市-西乡塘区,广西壮族自治区南宁市西乡塘区大学东路31号时代天骄广场二楼B034号,,
南宁市,牙精灵口腔江南万达店,南宁市-江南区,广西壮族自治区南宁市江南区万达广场星光大道临街商铺（A10栋一层旁）,,
南宁市,牙队长口腔(宾阳欣美总店),南宁市-宾阳县,广西壮族自治区南宁市宾阳县宾州镇财政路38号,,
南宁市,陌客尔口腔(南宁店),南宁市-青秀区,广西壮族自治区南宁市青秀区南宁市青秀区佛子岭路15号福岭花园小区第2栋第二层201号铺面,,
南宁市,龙华乐齿口腔诊所,南宁市-邕宁区,广西壮族自治区南宁市邕宁区马岭路9号龙华乐齿口腔,,
南通市,如东博厚口腔医院·二级口腔医院,南通市-如东县,南通市如东县城中街道珠江路8号(金逸影城旁),,
南通市,如皋民博中西医结合医院口腔科,南通市-未知区域,南通市如皋市海洋路45号,,
南通市,薄荷博士口腔(工农路分院),南通市-崇川区,南通市崇川区学田街道工农路249号都市豪庭商办房一层南侧部分、三层,,
南通市,薄荷博士口腔(海门分院),南通市-海门区,南通市海门区南通市海门区经济技术开发区解放中路2-3号,,
南通市,薄荷博士口腔(青年西路分院),南通市-崇川区,南通市崇川区虹桥街道青年西路71号东侧一楼部分、二楼部分,,
南通市,雅悦口腔学士府诊所,南通市-崇川区,南通市崇川区学田街道学士府29-20,,
南充市,营山好牙医口腔诊所,南充市-营山县,四川省南充市营山县绥安街道正西街90号、模范街6号1栋1单元2楼,,
内江市,中贝口腔诊所,内江市-未知区域,四川省内江市隆昌市隆泸大道217号,,
内江市,威远瑞铂口腔,内江市-威远县,四川省内江市威远县严陵镇二环路西北段18号附201号(后湾大风车幼儿园旁),,
内江市,沐存口腔,内江市-东兴区,四川省内江市东兴区市汉安大道西段925号2楼附7号,,
内江市,益诚口腔(三店）,内江市-未知区域,四川省内江市椑木镇马道子二路31-33号,,
内江市,益诚口腔（一店）,内江市-东兴区,四川省内江市东兴区红桥街69号1单元3楼1号,,
内江市,隆昌中贝口腔门诊部,内江市-未知区域,四川省内江市隆昌市万隆路三段73号，75号，85号附201号,,
南昌市,南昌品众口腔门诊,南昌市-新建区,江西省南昌市新建区枫庐新天地A5栋（下罗公交站旁）,,
南昌市,南昌瑞城口腔,南昌市-东湖区,江西省南昌市东湖区阳明路186号,,
南昌市,品众口腔红谷滩院区,南昌市-红谷滩区,江西省南昌市红谷滩区地铁大厦天虹商场1-2楼,,
南昌市,安义奥荟美口腔,南昌市-安义县,江西省南昌市安义县向阳东路格林郡,,
南昌市,德韩口腔(万寿宫院区),南昌市-东湖区,江西省南昌市东湖区中山路277号,,
南昌市,德韩口腔(青山湖院区),南昌市-青山湖区,江西省南昌市青山湖区京东南大道1666号青山湖万达广场3F层（3029A、3029B、3030）号商铺,,
南昌市,瑞齐口腔,南昌市-红谷滩区,江西省南昌市红谷滩区丰和北大道366号凤凰新天商坊3#107室,,
南昌市,美亚口腔,南昌市-东湖区,南昌市东湖区阳明东路奥斯卡大厦114（1-2层）,,
南昌市,辉煌口腔(万达分院),南昌市-红谷滩区,江西省南昌市红谷滩区凤凰中大道929号吉成大厦111、112室,,
南昌市,辉煌口腔(上海路分院),南昌市-青云谱区,江西省南昌市青云谱区解放西路668号,,
南昌市,辉煌口腔(南京路分院),南昌市-东湖区,江西省南昌市东湖区文教路249号电信综合楼2号,,
南昌市,辉煌口腔(广州路分院),南昌市-青云谱区,江西省南昌市青云谱区广州路博泰中心城,,
南昌市,辉煌口腔(新建吾悦分院),南昌市-新建区,江西省南昌市新建区长堎镇长堎大道905号,,
南昌市,辉煌口腔(朝阳分院),南昌市-西湖区,江西省南昌市西湖区永富路255号世纪朝阳小区8栋,,
南昌市,辉煌口腔(理想家园分院),南昌市-红谷滩区,江西省南昌市红谷滩区理想家园泉水湾A店面-07室（第1-2层）,,
南昌市,辉煌口腔(红角洲分店),南昌市-红谷滩区,江西省南昌市红谷滩区赣江南大道1688号联泰香域滨江3幢107店面（第1层）,,
南昌市,辉煌口腔(经开分院),南昌市-南昌经济技术开发区,江西省南昌市南昌经济技术开发区双港西大街999号万科金域小区4#住宅、32#商业楼-106室,,
南昌市,辉煌口腔(茶都分院),南昌市-青山湖区,江西省南昌市青山湖区解放东路179号龙鼎茶都四期1号楼二层,,
南昌市,辉煌口腔(象湖分院),南昌市-南昌县,江西省南昌市南昌县象湖力高国际城4期商铺A06-A07,,
南昌市,辉煌口腔(进贤分店),南昌市-进贤县,江西省南昌市进贤县民和镇云桥南路968号,,
南昌市,辉煌口腔(铜锣湾分院),南昌市-未知区域,江西省南昌红谷滩庐山南大道525号地铁万科时代广场19#商业楼,,
南昌市,辉煌口腔(高新分院),南昌市-南昌高新技术产业开发区,江西省南昌市南昌高新技术产业开发区艾溪湖北路99号艾溪康桥小区2#住宅楼商业108室、109室,,
南昌市,辉煌口腔(龙王庙分院),南昌市-青云谱区,江西省南昌市青云谱区解放西路218号,,
南昌市,辉煌口腔上海路分院,南昌市-青云谱区,江西省南昌市青云谱区解放西路668号,,
南昌市,辉煌口腔朝阳芯街分院,南昌市-西湖区,江西省南昌市西湖区云飞路1188号朝阳芯街第5栋5-1-01号商铺,,
南昌市,达芬奇儿童口腔(红谷滩店),南昌市-红谷滩区,江西省南昌市红谷滩区红谷中大道1706号世茂广场商业、写字楼101室（第1-6层）L2层L201-L202号商铺,,
南昌市,达芬奇口腔(九龙湖分院),南昌市-红谷滩区,南昌市红谷滩区西站大街555号锦天府1号楼1-110.111、112室,,
南昌市,达芬奇口腔(象湖分院),南昌市-南昌县,江西省南昌市南昌县昌南新城金沙大道2133号新力都荟1F层Z-1F-03-A号商铺,,
南昌市,达芬奇口腔(高新分院),南昌市-南昌高新技术产业开发区,江西省南昌市南昌高新技术产业开发区艾溪湖北路77号新城吾悦广场2楼2001铺位,,
宁波市,恒美口腔（1872花园坊）,宁波市-江北区,江北区湾头路466号（1872花园坊）,,
宁波市,恒美口腔（东部店）,宁波市-鄞州区,鄞州区民安东路奇柯荟2楼（会展中心南门）,,
宁波市,恒美口腔（中旅城）,宁波市-江北区,江北区宏图路999号易生活购物中心M2-10号,,
宁波市,恒美口腔（慈中店）,宁波市-江北区,宁波市江北区慈城镇慈水西街196号,,
宁波市,恒美口腔（方圆店）,宁波市-鄞州区,鄞州区潘火街道永达路1441/1443号,,
宁波市,恒美口腔（月湖盛园店）,宁波市-海曙区,海曙区仓桥街46号（月湖盛园）,,
宁波市,恒美口腔（正吉店）,宁波市-鄞州区,鄞州区大步街128号,,
宁波市,恒美口腔（江北姚北店）,宁波市-江北区,江北区云飞路608号（朗诗清澄）,,
宁波市,恒美口腔（海曙印象城）,宁波市-海曙区,海曙区中山西路3666号印象城购物中心二楼L2-26号,,
宁波市,恒美口腔（聚亿店）,宁波市-鄞州区,鄞州区钟公庙街道金家一路53号201室,,
宁波市,恒美口腔（集合店）,宁波市-鄞州区,鄞州区徐戎路临39号11幢108室,,
宁波市,鄞州恒美医院,宁波市-鄞州区,浙江省宁波市鄞州区宁南北路恒凯中心,,
宁波市,三禾口腔(海曙店),宁波市-海曙区,宁波市海曙区月湖街道中山西路181号(1-15)-(1-18)(2-16)(2-19)室,,
宁波市,冠扬口腔总部(余姚旗舰店),宁波市-未知区域,"宁波市余姚市阳明街道新建北路183、185号,时代广场13幢A2-1、A2-2、A2-3",,
宁波市,博菲特口腔,宁波市-古塘街道三北西大街350号(景观花苑北区,宁波市慈溪市古塘街道三北西大街350号(景观花苑北区底商),,
宁波市,圣甬口腔,宁波市-未知区域,浙江省慈溪市浒山街道孙塘南路257号,,
宁波市,宁波北仑健安现代口腔门诊部有限公司,宁波市-北仑区,浙江省宁波市北仑区大碶街道人民南路77号,,
宁波市,宁波北仑新碶现代口腔门诊部有限公司,宁波市-北仑区,浙江省宁波市北仑区新碶街道新大路304号、306号,,
宁波市,宁波北仑雅乐现代口腔门诊部有限公司,宁波市-北仑区,浙江省宁波市北仑区新碶岷山路815，821号（凯旋华庭）36幢,,
宁波市,恒禾口腔门诊部,宁波市-未知区域,宁波市余姚市阳明街道长元路102-1-102-7号2层,,
宁波市,慈溪博菲特界牌口腔诊所,宁波市-未知区域,慈溪市古塘街道科技西路241号,,
宁波市,爱牙口腔(宁波店),宁波市-海曙区,宁波市海曙区石碶街道轻纺城西饮街1-5号2楼,,
宁波市,牙医帮口腔(镇海总院),宁波市-镇海区,宁波市镇海区招宝山街道车站路广洋海尚国际二期14号2-1-2-3室,,
宁波市,恒美口腔（开元广场店）,宁波市-镇海区,镇海区庄市街道同心路888号5栋（开元广场）,,
莆田市,希邦雅口腔(万达旗舰店),莆田市-城厢区,福建省莆田市城厢区荔城南大道西侧1431号,,
莆田市,希邦雅口腔(九华店),莆田市-荔城区,福建省莆田市荔城区九华西大道633号九华广场F8层,,
莆田市,希邦雅口腔中海店,莆田市-荔城区,福建省莆田市荔城区延寿北街中海天下2号101室,,
莆田市,希邦雅口腔医院,莆田市-涵江区,福建省莆田市涵江区涵东街道塘北街168号2幢301室,,
莆田市,希邦雅口腔希尔顿分院,莆田市-城厢区,福建省莆田市城厢区荔城中大道2288号,,
莆田市,皓果口腔,莆田市-城厢区,福建省莆田市城厢区龙桥街道荔城中大道1378号,,
莆田市,群益口腔(北磨店),莆田市-城厢区,福建省莆田市城厢区荔城中大道南831号,,
莆田市,群益口腔(学园店),莆田市-城厢区,福建省莆田市城厢区学园南街875号,,
莆田市,荷马口腔(莆田旗舰店),莆田市-城厢区,福建省莆田市城厢区霞林街道学园南街1956弄55号富邦学苑D区1号楼116室,,
莆田市,莆淘雅口腔旗舰店,莆田市-涵江区,福建省莆田市涵江区涵西街道湖园路60号,,
平凉市,平凉牙博仕口腔,平凉市-崆峒区,甘肃省平凉市崆峒区船舱街10号1幢2楼,,
平顶山市,佳康口腔,平顶山市-宝丰县,河南省平顶山市宝丰县人民路与中兴路交叉口向东200米路南生态园东北角,,
平顶山市,佳美口腔(开源路店),平顶山市-新华区,河南省平顶山市新华区曙光街与开源路交叉口往南10米88号院临街2楼,,
平顶山市,佳美口腔门诊(和顺路店),平顶山市-湛河区,河南省平顶山市湛河区和顺路飞行社区高层楼下,,
平顶山市,佳美口腔门诊(开源路店),平顶山市-新华区,河南省平顶山市新华区开源路新丹尼斯对面,,
平顶山市,博雅口腔门诊部,平顶山市-郏县,河南省平顶山市郏县城关镇中兴路与珧期路交叉口向北200米路西8号,,
平顶山市,植得口腔(平顶山院区),平顶山市-新华区,河南省平顶山市新华区矿工路中段平安怡园二期二层201铺,,
平顶山市,植得口腔平顶山院区,平顶山市-新华区,河南省平顶山市新华区矿工路正义巷交叉口平安怡园二期二层植得口腔,,
平顶山市,汝州佳铭口腔门诊部,平顶山市-未知区域,河南省开封市汝州市煤山街道向阳西路157号,,
平顶山市,汝州市斯麦尔口腔门诊部,平顶山市-未知区域,河南省平顶山市汝州市广成中路1401号,,
平顶山市,牙乐福口腔门诊,平顶山市-新华区,河南省平顶山市新华区园林路与长青路交叉口向西100米路北牙乐福口腔,,
平顶山市,牙尔康口腔,平顶山市-湛河区,河南省平顶山市湛河区新华路与和顺路交叉口东北角323号,,
平顶山市,铭洋佳美口腔,平顶山市-湛河区,河南省平顶山市湛河区诚朴路与湛南路交叉口东方星河湾大门口西第一间,,
濮阳市,仁和口腔,濮阳市-开发区,河南省濮阳市开发区黄河路和开州路向西100路北仁和口腔门诊部,,
濮阳市,南乐小梅口腔诊所韩张店,濮阳市-南乐县,河南省濮阳市南乐县南乐县韩张镇西关北街,,
濮阳市,南乐小梅口腔门诊部,濮阳市-南乐县,河南省濮阳市南乐县南乐县一行路与傅潭路交叉口,,
濮阳市,友善口腔,濮阳市-濮阳县,河南省濮阳市濮阳县龙苑路与解放大道交叉口东240米,,
濮阳市,柏林口腔门诊部(胜利路店),濮阳市-华龙区,河南省濮阳市华龙区胜利路街道胜利路52号,,
濮阳市,柏林牙医(五一路店),濮阳市-华龙区,河南省濮阳市华龙区中原路街道五一路玉门路交叉口向西100米路南87号,,
濮阳市,柏林牙医(任丘路店),濮阳市-华龙区,河南省濮阳市华龙区胜利路街道任丘路登月新村北门东侧203号,,
濮阳市,柏林牙医(大庆路店),濮阳市-华龙区,河南省濮阳市华龙区胜利路街道大庆中路与黄河东路交叉口北300米路东143号,,
濮阳市,柏林牙医(振兴路店),濮阳市-华龙区,河南省濮阳市华龙区开州街道中原中路与振兴中路交叉口西南角,,
濮阳市,柏林牙医(景观城店),濮阳市-华龙区,河南省濮阳市华龙区长庆路街道黄河路414号(黄河路与和谐路交叉口东20米路北),,
濮阳市,柏林牙医(石化路店),濮阳市-华龙区,河南省濮阳市华龙区建设路街道昆吾路与石化路交叉口西北角,,
濮阳市,柏林牙医(紫东店),濮阳市-华龙区,河南省濮阳市华龙区昆吾街道政和二路57号(政和二路与昆吾中路交叉口),,
濮阳市,柏林牙医(绿城店),濮阳市-华龙区,河南省濮阳市华龙区中原路街道绿城中路与历山路交叉口东南角,,
濮阳市,柏林牙医(莲花苑店),濮阳市-华龙区,河南省濮阳市华龙区胜利路街道黄河路与京开道交叉口东100米路南(黄河路35号，莲花苑小区沿街商铺),,
濮阳市,橙子口腔(龙之光店),濮阳市-华龙区,河南省濮阳市华龙区昆吾路与五一路交叉口向东400米路北开州城市综合体(14301)2#附楼0105号,,
濮阳市,百杏口腔门诊部,濮阳市-范县,河南省濮阳市范县益民路海韵世纪公园B6-04号,,
濮阳市,笑哈哈口腔,濮阳市-华龙区,河南省濮阳市华龙区京开路南海路交叉口向东300米路南水景湾商铺7号,,
濮阳市,雅美口腔(中原路店),濮阳市-华龙区,河南省濮阳市华龙区中原路159号,,
濮阳市,雅美口腔(胜利路店),濮阳市-华龙区,河南省濮阳市华龙区胜利路街道惠民路都都市花园向西100米路北2号,,
濮阳市,雅而美口腔(京开店),濮阳市-华龙区,河南省濮阳市华龙区京开道155号,,
濮阳市,雅而美口腔(铜锣湾广场店),濮阳市-华龙区,河南省濮阳市华龙区人民路街道濮阳市开州路与人民路交叉口铜锣湾1号楼1单元02号256-1,,
萍乡市,北一口腔(凤凰天成店),萍乡市-安源区,江西省萍乡市安源区凤凰天城商业街10栋101、102、103号商铺,,
萍乡市,北一口腔(梦想天街店),萍乡市-安源区,江西省萍乡市安源区后埠街跃进北路185号梦想天街10栋A区1006、1007商铺,,
萍乡市,牙佰年口腔(万龙湾机构),萍乡市-安源区,江西省萍乡市安源区萍乡经济技术开发区公园中路252号二楼,,
萍乡市,牙佰年口腔(上栗机构),萍乡市-上栗县,江西省萍乡市上栗县上栗镇平安北路10号,,
萍乡市,牙佰年口腔(市医院机构),萍乡市-安源区,江西省萍乡市安源区萍乡经济技术开发区安源中大道常青路,,
萍乡市,牙佰年口腔(湘东机构),萍乡市-湘东区,江西省萍乡市湘东区湘东镇昌盛大道6号,,
萍乡市,牙佰年口腔(绿茵广场机构),萍乡市-安源区,江西省萍乡市安源区八一街吕家冲社区跃进路74号,,
萍乡市,牙佰年口腔(芦溪机构),萍乡市-芦溪县,江西省萍乡市芦溪县漫时区商业广场2#2208/2209/2210,,
萍乡市,皓世口腔(萍乡店),萍乡市-安源区,江西省萍乡市安源区开发区首府壹号二期北门,,
攀枝花市,松鼠口腔(攀枝花大道店),攀枝花市-东区,四川省攀枝花市东区四川省攀枝花市东区攀枝花大道东段163附4-2号,,
盘锦市,大维口腔(兴隆台院区),盘锦市-兴隆台区,辽宁省盘锦市兴隆台区渤海街天丽家园18号商网,,
盘锦市,大维口腔(盘山院区),盘锦市-双台子区,辽宁省盘锦市双台子区胜利街渤海委699幢号109号商网,,
盘锦市,诺亚口腔,盘锦市-兴隆台区,辽宁省盘锦市兴隆台区渤海街道河畔社区鑫恰和小区商网0001栋1-07,,
普洱市,思茅牙康口腔,普洱市-思茅区,云南省普洱市思茅区福盛家园3-108号（国大药房旁）,,
普洱市,罗清口腔诊所,普洱市-孟连傣族拉祜族佤族自治县,云南省普洱市孟连傣族拉祜族佤族自治县娜允镇大街瑞华宾馆38号(小农贸市场正对面),,
泉州市,康福口腔(总店),泉州市-未知区域,福建省泉州市南安市水头镇福兴北街180号,,
泉州市,康福口腔(时代店),泉州市-未知区域,福建省泉州市南安市水头镇时代新城23#9-10店面,,
泉州市,星雅口腔种植矫正中心(世贸店),泉州市-未知区域,福建省泉州市石狮市石龙路288号世茂摩天城一期S2幢035、036、037室,,
泉州市,星雅口腔种植矫正中心(金辉店),泉州市-未知区域,福建省泉州市石狮市金耀路1号,,
泉州市,泉兴口腔（南安店）,泉州市-未知区域,泉州市南安市溪美街道环城西路500-58号,,
泉州市,泉兴口腔（城西店）,泉州市-未知区域,泉州城西路金色华园13-15号(近西贤路，开元盛世，临漳门，朝天门),,
泉州市,泉兴口腔（安溪店）,泉州市-未知区域,建安大道81-93号,,
泉州市,泉兴口腔（开元店）,泉州市-鲤城区,泉州市鲤城区开元街道新华北路366号1-037至1-043,,
泉州市,泉兴口腔（晋江店）,泉州市-未知区域,泉州市晋江市池店镇大华路8号百捷中央名门1幢D103-106,,
泉州市,泉州慧光口腔,泉州市-惠安县,福建省泉州市惠安县螺城镇惠泉北路78号一层7-10号、三层,,
泉州市,洛江山水口腔,泉州市-洛江区,福建省泉州市洛江区安吉路56号,,
泉州市,牙博士口腔连锁(晋江店),泉州市-未知区域,福建省泉州市晋江市泉安中路473号5楼,,
泉州市,牙博士口腔连锁(洛江店),泉州市-洛江区,福建省泉州市洛江区万安街道万盛社区安吉路3号五金机电城三期,,
泉州市,牙博士口腔连锁(鲤城店),泉州市-鲤城区,福建省泉州市鲤城区温陵路聚鑫广场01号店,,
泉州市,贝成口腔连锁(南安店),泉州市-未知区域,福建省泉州市南安市溪美街道环城西路169-69号,,
泉州市,贝成口腔连锁(安溪店),泉州市-安溪县,福建省泉州市安溪县凤城镇大同路205，207号,,
泉州市,贝成口腔连锁(惠安店),泉州市-惠安县,福建省泉州市惠安县螺城镇东盛商住区B栋109-113号店,,
泉州市,贝成口腔连锁(晋江店),泉州市-青阳街道永福里社区,福建省泉州市晋江市青阳街道永福里社区泉安中路717号百宏华尔街1号楼,,
泉州市,贝成口腔连锁(水头店),泉州市-未知区域,福建省泉州市南安市水头镇山前村厦新街146号,,
泉州市,贝成口腔连锁(永春店),泉州市-永春县,福建省泉州市永春县真武路1-6号,,
泉州市,贝成口腔连锁(泉港机构),泉州市-泉港区,福建省泉州市泉港区山腰街道锦祥社区南山中路33-0号旧百汇3楼,,
泉州市,贝成口腔连锁泉州机构,泉州市-丰泽区,福建省泉州市丰泽区田安南路632号源和大厦7层,,
泉州市,金榜口腔连锁(安泰店),泉州市-未知区域,福建省泉州市晋江市罗山街道安泰天街12号楼101-103,,
泉州市,金榜口腔连锁(帝豪店),泉州市-未知区域,福建省泉州市晋江市青阳街道百宏华尔街6#9-15号店,,
泉州市,金榜口腔连锁(百捷店),泉州市-未知区域,福建省泉州市晋江市池店镇桥南百捷中央首府3号店,,
泉州市,金榜口腔连锁(福璟店),泉州市-梅岭街道梅庭社区,福建省泉州市晋江市梅岭街道梅庭社区梅岭路296号（福璟花园）,,
泉州市,金榜口腔连锁(陈埭镇),泉州市-未知区域,福建省泉州市晋江市陈埭镇鞋都路1830号商业2幢2033,,
泉州市,鲤城齐植美口腔门诊部,泉州市-鲤城区,福建省泉州市鲤城区九一街62-1号二楼,,
钦州市,钦州康美口腔(旗舰总院),钦州市-钦北区,广西壮族自治区钦州市钦北区子材东大街8号盛天华府b区,,
钦州市,钦州康美口腔(钦州港院),钦州市-钦南区,广西壮族自治区钦州市钦南区钦州港巨龙大厦广场二楼,,
钦州市,钦州康美口腔(钦州湾院),钦州市-钦南区,广西壮族自治区钦州市钦南区钦州湾大道41-1号,,
清远市,清远清口口腔医院,清远市-未知区域,清远市康乐路23号富景大厦1-3层,,
黔西南布依族苗族自治州市,京州口腔(兴仁分院),黔西南布依族苗族自治州市-未知区域,贵州省黔西南布依族苗族自治州兴仁市东湖街道府中路逸居苑1楼,,
黔西南布依族苗族自治州市,京州口腔(盘江分店),黔西南布依族苗族自治州市-未知区域,兴义市黄草办盘江南路14号,,
黔西南布依族苗族自治州市,京州口腔(贞丰店),黔西南布依族苗族自治州市-黔西南布依族苗族自治州贞丰县,贵州省黔西南布依族苗族自治州贞丰县永丰街道新丰路金融公园12栋2/3层1号商铺,,
黔东南苗族侗族自治州市,京州口腔(友庄路分店),黔东南苗族侗族自治州市-未知区域,贵州省黔东南州凯里市友庄路西侧贵都花园高层商住楼1栋1层1-1号4.5号门面,,
黔东南苗族侗族自治州市,京州口腔(清平南路分院),黔东南苗族侗族自治州市-未知区域,贵州省黔东南苗族侗族自治州市凯里市清平南路36号贵都1号商住楼2层1号,,
黔东南苗族侗族自治州市,凯里京州口腔(大十字分院),黔东南苗族侗族自治州市-未知区域,贵州省黔东南州凯里市韶山南路3号1楼1.2号门面,,
黔东南苗族侗族自治州市,凯里京州口腔(未来城店),黔东南苗族侗族自治州市-未知区域,贵州省黔东南苗族侗族自治州凯里市城西街道凯棉路69号未来城D地块23幢-1层388号,,
黔东南苗族侗族自治州市,凯里京州口腔(清平南路分院),黔东南苗族侗族自治州市-未知区域,贵州省黔东南州凯里市清平南路36号贵都1号商住楼2层1号,,
秦皇岛市,如壹口腔医院,秦皇岛市-海港区,河北省秦皇岛市海港区南岭东路50号秦皇半岛底商,,
秦皇岛市,瑞格口腔(北戴河店),秦皇岛市-北戴河区,河北省秦皇岛市北戴河区联峰路203号,,
秦皇岛市,瑞格口腔(河北大街店),秦皇岛市-海港区,河北省秦皇岛市海港区河北大街中段330号,,
秦皇岛市,瑞格口腔(秦皇东大街店),秦皇岛市-海港区,河北省秦皇岛市海港区秦皇东大街249号,,
秦皇岛市,秦皇岛口腔医院,秦皇岛市-海港区,河北省秦皇岛市海港区河北大街49号,,
秦皇岛市,秦皇岛口腔医院(山海关店),秦皇岛市-山海关区,河北省秦皇岛市山海关区关城南路19-4号,,
秦皇岛市,秦皇岛口腔医院(开发区店),秦皇岛市-经济技术开发区,河北省秦皇岛市经济技术开发区长江中道30号,,
秦皇岛市,秦皇岛口腔医院(昌黎店),秦皇岛市-昌县,河北省秦皇岛市昌县昌黎镇学院路东山华府2-3号,,
秦皇岛市,纳极口腔文化路门诊部,秦皇岛市-海港区,河北省秦皇岛市海港区文化路283号,,
秦皇岛市,致美口腔医院,秦皇岛市-海港区,河北省秦皇岛市海港区河北大街中段195号,,
潜江市,潜江中山口腔医院,潜江市-未知区域,湖北省潜江市章华中路9号(水牛城空中停车场入口),,
衢州市,江山口腔医院,衢州市-未知区域,浙江省衢州市江山市虎山街道南门路68号,,
日照市,博恩口腔(日照总院),日照市-东港区,山东省日照市东港区秦楼街道济南路218号翠湖佳园南一区商业街D区,,
曲靖市,宣威柯品牙管家口腔,曲靖市-未知区域,云南省曲靖市宣威市双龙街道振兴街天豪国际1楼,,
曲靖市,宣威爱牙仕口腔,曲靖市-未知区域,云南省曲靖市宣威市振兴街102号（汽车南站旁）,,
曲靖市,师宗爱雅仕口腔明辉店,曲靖市-师宗县,云南省曲靖市师宗县丹凤西路明辉花园六栋B-1109,,
曲靖市,师宗爱雅仕口腔通玄店,曲靖市-师宗县,云南省曲靖市师宗县漾月街道漾月社区通玄广场A幢3号二楼,,
曲靖市,德韩口腔(曲靖院区),曲靖市-麒麟区,云南省曲靖市麒麟区雄业金都218购物广场二号门二楼6号电梯旁德韩口腔,,
曲靖市,曲靖京贝口腔连锁(南城分院),曲靖市-麒麟区,云南省曲靖市麒麟区益宁街道办事处文笔路麒麟嘉城商业广场8幢2楼10-13号,,
曲靖市,曲靖京贝口腔连锁(阿诗玛分院),曲靖市-麒麟区,云南省曲靖市麒麟区南宁街道办事处南宁西路153号2楼商铺,,
曲靖市,舒尔口腔连锁罗平院区,曲靖市-罗平县,云南省曲靖市罗平县观音街194号（北城万象对面）,,
青岛市,亚泰口腔市南银海门诊部,青岛市-南区,山东省青岛市市南区东海中路30号2楼,,
青岛市,亚泰口腔胶州中心门诊部,青岛市-未知区域,山东省青岛市胶州市澳门路333号7号楼106,,
青岛市,优诺口腔(京口路机构)(洁牙需到店验血),青岛市-李沧区,山东省青岛市李沧区京口路60号（李沧交警大队对面）,,
青岛市,优诺口腔(城阳机构)(洁牙需到店验血),青岛市-城阳区,山东省青岛市城阳区正阳路160-13号1-2层,,
青岛市,优诺口腔(种植总院)(洁牙需到店验血),青岛市-南区,山东省青岛市市南区南京路3号,,
青岛市,优诺口腔(辽宁路机构)(洁牙需到店验血),青岛市-北区,山东省青岛市市北区辽宁路94号(辽宁路与华阳路交会处),,
青岛市,优诺口腔(青山店)(洁牙需到店验血),青岛市-李沧区,山东省青岛市李沧区青山路716-39号二层,,
青岛市,优诺口腔(马濠机构)(洁牙需到店验血),青岛市-黄岛区,山东省青岛市黄岛区黄浦江路59号（马濠公园西侧）,,
青岛市,友信口腔(台柳路店),青岛市-北区,青岛市市北区河西街道台柳路308号,,
青岛市,海之恋口腔,青岛市-南区,山东省青岛市市南区香港中路10号207户南侧,,
青岛市,海燕口腔(常州路店),青岛市-未知区域,山东省青岛市胶州市三里河街道常州路666号,,
青岛市,牙博士口腔(即墨店),青岛市-即墨区,山东省青岛市即墨区通济办事处墨城路582号,,
青岛市,牙博士口腔(李沧店),青岛市-李沧区,山东省青岛市李沧区峰山路11号,,
青岛市,牙博士口腔连锁(台东店),青岛市-北区,青岛市市北区延安三路116号-6,,
青岛市,益牙口腔(杭州路店),青岛市-中云街道杭州路方井人家小区,山东省青岛市胶州市中云街道杭州路方井人家小区18号网点,,
青岛市,益牙口腔(胶东机场店),青岛市-未知区域,山东省青岛市胶州市胶东街道小麻湾西村利客来超市东100米,,
青岛市,荷马口腔(平度旗舰店),青岛市-未知区域,山东省青岛市平度市东阁街道办事处人民路83号102户,,
青岛市,雅安口腔,青岛市-李沧区,山东省青岛市李沧区枣园路11-5,,
青岛市,青岛一间口腔诊所,青岛市-城阳区,山东省青岛市城阳区靖城路550-1号,,
青岛市,马泷齿科(市南店),青岛市-南区,山东省青岛市市南区香港中路7号甲亚麦国际大厦11层,,
青岛市,马泷齿科一间口腔诊所,青岛市-城阳区,山东省青岛市城阳区靖城路550-1号,,
青岛市,马泷齿科青岛门诊,青岛市-南区,山东省青岛市市南区香港中路7号甲亚麦国际大厦11楼,,
宿州市,张伟彬口腔门诊(埇桥店),宿州市-埇桥区,安徽省宿州市埇桥区安徽省宿州市埇桥区西关街道汴河西路华夏世贸北门东边209号,,
汕尾市,汕尾市德一口腔（新店）,汕尾市-城区,城区凤山街道香湖路银湖湾银湖豪庭二十二至二十四栋1-2层商铺5号,,
汕尾市,汕尾市德一口腔（老店）,汕尾市-城区,汕尾市城区新港街道二马路280号边华诚综合楼三层1号,,
汕尾市,汕尾瑞雅口腔医院,汕尾市-汕尾市区,汕尾市区滨湖路泰公寓一栋(中鑫大厦)三楼(自主申报),,
汕尾市,陆丰市大桔齿科,汕尾市-未知区域,广东省陆丰市东海街道东海大道西侧龙头路以南（中国石油中通加油站南侧）第一栋第2层201号（红星餐厅2楼）,,
汕尾市,陆河县钟成口腔,汕尾市-陆河县,汕尾市陆河县河田镇朝阳路116号（迎宾馆对面）,,
汕头市,汕美口腔,汕头市-未知区域,汕头市金砂路128号金怡大厦一楼,,
汕头市,臻正佳壹口腔门诊部,汕头市-潮阳区,广东省汕头市潮阳区和平镇新龙乡和惠公路东侧崇让路1号,,
汕头市,陌客尔口腔(汕头店),汕头市-龙湖区,汕头市龙湖区金碧庄东区1-4幢101、102、201、301号铺面之“新城市广场”D区2楼201号铺面,,
韶关市,驰风口腔,韶关市-浈江区,韶关市浈江区熏风路12号综合楼南边四层401房,,
三明市,三明康泰医院瑞尔口腔(下洋店),三明市-三元区,福建省三明市三元区新市中路119号2幢(康泰医院旁),,
三明市,仁德中医医院(口腔科),三明市-未知区域,福建省三明市永安市永安市燕江东路369号,,
三明市,尤溪县四季口腔,三明市-尤溪县,福建省三明市尤溪县尤溪城关镇东一路3-11号,,
三明市,瑞尔口腔(吉祥店),三明市-三元区,福建省三明市三元区乾龙新村358栋(吉祥福邸)4楼,,
三明市,皓臣瑞尔口腔(东新三路店),三明市-三元区,福建省三明市三元区新和路46号首层(和仁新村33幢),,
三明市,祥众佰岁堂专科门诊,三明市-宁化县,福建省三明市宁化县宁化县西大二路金水佳苑103店,,
三明市,美壹佳瑞尔口腔(城关店),三明市-三元区,福建省三明市三元区新市南路84-5号一楼,,
深圳市,尔睦口腔丽沙花都店,深圳市-宝安区,深圳市宝安区沙井富通路7号,,
深圳市,尔睦口腔新桥店,深圳市-宝安区,深圳市宝安区沙井北环路115号,,
深圳市,尔睦口腔松岗店,深圳市-宝安区,深圳市宝安区松岗街道东方社区东方大道36号联投东方华府一期L108、L201-1,,
深圳市,尔睦口腔海欣店,深圳市-宝安区,深圳市宝安区沙井街道沙二社区海欣花园B栋1单元,,
深圳市,尔睦口腔牙贝贝店,深圳市-宝安区,"深圳市宝安区新桥街道上星社区上星路万科星城上郡1栋111,230（一至二层）",,
深圳市,尔睦口腔福海店,深圳市-宝安区,深圳市宝安区福海街道桥头社区桥头综合市场202,,
深圳市,尔睦口腔罗湖莲塘店,深圳市-罗湖区,广东省深圳市罗湖区莲塘街道莲塘社区国威路139号天越翔园二层2号,,
深圳市,尔睦口腔荟城店,深圳市-宝安区,深圳市宝安区沙井街道壆岗社区新沙路412号,,
深圳市,正恩四季口腔门诊部,深圳市-龙华区,深圳市龙华区和平路186号-2,,
深圳市,深圳世纪河山口腔诊所,深圳市-宝安区,深圳市宝安区福海街道塘尾社区万里路4-1号105,,
深圳市,深圳固戌河山口腔诊所,深圳市-宝安区,"深圳市宝安区西乡街道固兴社区万象新
所天商务楼A座109、110、127、128",,
深圳市,深圳尔睦口腔医院,深圳市-宝安区,深圳市宝安区沙井街道马安山社区马安山锦胜财富广场AB栋二层,,
深圳市,深圳峰景河山口腔门诊部,深圳市-宝安区,深圳市宝安区福永街道怀德社区怀德南路85号怀德峰景北园F座铺30、31、32,,
深圳市,深圳新沙河山口腔门诊部,深圳市-宝安区,深圳市宝安区沙井街道东塘社区环镇路51号明正楼二层,,
深圳市,深圳正恩口腔门诊部,深圳市-龙华区,龙华区民治大道民丰路鑫茂花园B区1栋2楼,,
深圳市,深圳正恩吉合口腔门诊部,深圳市-龙岗区,龙岗区坂田街道岗头社区雪岗路2002号美兰工业区综合楼201,,
深圳市,深圳正恩吉呈口腔门诊部,深圳市-龙岗区,深圳市龙岗区布吉街道布吉圩社区布吉路129号新兴楼C座商铺202、302，布吉地铁站西广场出口对面,,
深圳市,深圳正恩吉言口腔门诊部,深圳市-龙华区,龙华区民治街道大岭社区红山6979二期7栋109号,,
深圳市,深圳民治正恩口腔门诊部,深圳市-未知区域,民治大道东边商务大楼 1层103,,
深圳市,深圳河山口腔门诊部,深圳市-宝安区,深圳市宝安区西乡街道龙珠社区富成路2-4号西秦宾馆二楼,,
深圳市,深圳河山淞港口腔门诊部,深圳市-宝安区,深圳市宝安区松岗街道松涛社区宝利豪庭07,,
深圳市,深圳河山福中口腔诊所,深圳市-宝安区,深圳市宝安区福永街道福永社区福海科技工业园1号福海科技工业园1-3,,
深圳市,深圳河山福永口腔诊所,深圳市-宝安区,深圳市宝安区福永街道白石厦居委白石厦路86号,,
深圳市,深圳牙乐口腔门诊部,深圳市-宝安区,深圳市宝安区新桥街道上寮社区广深路（沙井段）110号沙穗酒店广深路沙井段110-3,,
深圳市,深圳莲塘河山口腔诊所,深圳市-罗湖区,深圳市罗湖区莲塘街道莲塘社区聚宝路46号聚宝楼106,,
深圳市,深圳阳光河山口腔门诊部,深圳市-宝安区,深圳市宝安区松岗街道溪头社区沙江路211号101、211号201,,
深圳市,泰康拜博口腔深圳华强北门诊,深圳市-福田区,广东省深圳市福田区红荔路38号群星广场裙楼五、六楼。,,
深圳市,泰康拜博口腔深圳园岭门诊,深圳市-福田区,广东省深圳市福田区红岭中路2061号南国大厦拜博口腔医院1-2楼,,
深圳市,泰康拜博口腔深圳布吉门诊,深圳市-龙岗区,广东省深圳市龙岗区布吉街道大都汇大厦,,
深圳市,泰康拜博口腔深圳康乐诊所,深圳市-南山区,广东省深圳市南山区后海大道2388号 （怡化金融科技大厦3楼）,,
深圳市,深圳牙力仕公明口腔诊所,深圳市-光明区,深圳市光明区马田街道合水口社区长宁路21号天汇时代花园二期2栋C座2C-35、37、38、39,,
深圳市,爱康健 恒洁门诊,深圳市-罗湖区,罗湖区深南东路5015号金丰城大厦B座16楼,,
深圳市,爱康健口腔医院,深圳市-罗湖区,罗湖区火车站大厦C区1-8楼(香格里拉大酒店斜对面),,
深圳市,爱康健富亨门诊,深圳市-福田区,"深圳市福田区福田街道渔农社区裕亨路3号名津广场2层-3
层",,
深圳市,爱康健富康门诊,深圳市-罗湖区,罗湖区火车站南端二楼走廊(火车站大酒店左侧),,
深圳市,爱康健康辉门诊,深圳市-罗湖区,罗湖区火车站皮带走廊A11-A15号,,
深圳市,爱康健恒乐诊所,深圳市-罗湖区,罗湖区火车站综合大楼夹层A 区M 层,,
深圳市,爱康健恒美门诊,深圳市-南山区,南山区商业文化中心区海岸城西座501(招商银行大门进),,
深圳市,爱康健恒雅门诊,深圳市-南山区,南山区工业大道西工业八路南路悠然居103（12号线四海站J出口）,,
深圳市,爱康健李川门诊,深圳市-福田区,福田区金田路水围村金庄商业楼3-5楼(地铁“福民站”D 出口),,
深圳市,爱康健沈虹门诊,深圳市-南山区,南山区南海大道海典居裙楼1-2楼(海雅百货对面),,
深圳市,爱康健王琦门诊,深圳市-福田区,福田区渔农村海悦华城C 座商铺107号(口岸A 出口正对面),,
深圳市,爱康健裕亨门诊,深圳市-福田区,福田区渔农社区裕亨路38号裕亨大厦103(希尔顿欢朋酒店旁),,
深圳市,爱康健颜丽门诊,深圳市-罗湖区,罗湖区商业城东南角1F 1091 号(近东南角黄色相约柱),,
石家庄市,优美乐口腔,石家庄市-石家庄高新区,石家庄高新区海河道95号同祥优品街A（B）3-S-111、A（B）3-S-112,,
石家庄市,和睦口腔,石家庄市-石家庄长安区,石家庄长安区长丰街道丰收路与建华大街交口东行300米路南奥北公元一期底商,,
石家庄市,哈迪美芽口腔诊所(天山熙湖店),石家庄市-高新区,河北省石家庄市高新区湘江道119号星辰花园底商13-底商-106-3,,
石家庄市,哈迪美芽口腔诊所(紫睿店),石家庄市-高新区,石家庄市高新区闽江道紫睿天和小区底商1号楼,,
石家庄市,哈迪美芽口腔（天山熙湖店）,石家庄市-高新区,河北省石家庄市高新区湘江道119号星辰花园底商13-底商-106-3,,
石家庄市,圣迪口腔门诊部,石家庄市-长安区,河北省石家庄市长安区中山东路581号瑞城F区底商(北宋北路与金山街交口）,,
石家庄市,悦泽口腔,石家庄市-裕华区,河北省石家庄市裕华区裕华路街道东岗怡园-南区,,
石家庄市,新华区崔立欣全博口腔诊所（慢城店）,石家庄市-新华区,河北省石家庄市新华区慢城底商1网101、102号,,
石家庄市,新华胡美辉口腔诊所,石家庄市-新华区,河北省石家庄市新华区联盟东路33号1-6,,
石家庄市,普爱口腔（石家庄长安分院）,石家庄市-长安区,石家庄市长安区河东街道翟营南大街9号中铁大厦4层绿岛体检普爱口腔科,,
石家庄市,正定河大口腔诊所,石家庄市-正定县,河北省石家庄市正定县恒州南街正安花园智园底商13号,,
石家庄市,永齐口腔(万达店),石家庄市-裕华区,河北省石家庄市裕华区建华大街槐中路交口西南角,,
石家庄市,永齐口腔(众美店),石家庄市-裕华区,河北省石家庄市裕华区建华南大街仓裕路交口西北角,,
石家庄市,永齐口腔(保利店),石家庄市-裕华区,河北省石家庄市裕华区体育大街塔南路交口东行50米路南,,
石家庄市,永齐口腔(卓达店),石家庄市-裕华区,河北省石家庄市裕华区翟营大街塔北路交叉口东行200米路北,,
石家庄市,永齐口腔(国际城店),石家庄市-裕华区,河北省石家庄市裕华区谈固大街槐中路交口东南角,,
石家庄市,永齐口腔(大马店),石家庄市-裕华区,河北省石家庄市裕华区谈固东街东岗路交口西行30米路北,,
石家庄市,永齐口腔(新华店),石家庄市-新华区,河北省石家庄市新华区新华路儿童活动中心南门西行20米路北,,
石家庄市,永齐口腔儿牙正畸种植中心(方北店),石家庄市-裕华区,石家庄市裕华区裕华东路108号付10号商铺,,
石家庄市,牙博士口腔矫正种植中心(总院),石家庄市-石家庄长安区,石家庄长安区广安街道东大街9号(省图书馆东门对面),,
石家庄市,石家庄全博万润口腔门诊部有限公司（万达店）,石家庄市-裕华接区,河北省石家庄市裕华接区建华南大街132号石家庄裕华万达广场B2-4号商住楼110、111、112号,,
石家庄市,石家庄全博嘉悦口腔门诊部（欢乐汇店）,石家庄市-裕华区,河北省石家庄市裕华区裕泰路77号智汇广场室外步行街2层T2-201号,,
石家庄市,石家庄全博春归口腔门诊部有限公司（燕港店）,石家庄市-裕华区,河北省石家庄市裕华区东岗路28号燕港怡园综合楼3号商铺,,
石家庄市,石家庄全博春熙口腔门诊部有限公司（德贤店）,石家庄市-裕华区,河北省石家庄市裕华区塔南路76号中冶德贤名园2号住宅0101、0102底商,,
石家庄市,石家庄全博春芽口腔门诊部有限公司（蜂巢店）,石家庄市-长安区,河北省石家庄市长安区建设北大街20号蜂巢购物中心四层4014、4015,,
石家庄市,石家庄全博春雨口腔门诊有限公司（北新店）,石家庄市-新华区,河北省石家庄市新华区北新街116号瀚海商务底商4号商铺,,
石家庄市,石家庄全博桥西口腔门诊部（万象城店）,石家庄市-桥西区,河北省石家庄市桥西区中山西路108号华润万象城5层L530号,,
石家庄市,石家庄全博秋实口腔门诊部（友谊门诊）,石家庄市-新华区,河北省石家庄市新华区合作路286号筑凯大厦A座A-M-11、12号商铺,,
石家庄市,石家庄康强医疗服务有限公司桥西口腔诊所,石家庄市-桥西区,河北省石家庄市桥西区元北路104号华基君程美寓4号(0-117)商铺一楼,,
石家庄市,石家庄思漫医疗桥西口腔诊所,石家庄市-桥西区,河北省石家庄市桥西区仓丰路与塔通街交叉口东南角天悦城云锦园13号楼底商B-13-0-112、B-13-0-203,,
石家庄市,石家庄牙博士口腔(总院),石家庄市-长安区,河北省石家庄市长安区东大街9号,,
石家庄市,聆牙口腔(万达店),石家庄市-未知区域,石家庄裕华万达写字楼C座5F(建华大街与槐安路交口东北角）,,
三亚市,廷杰口腔(汽车总站店),三亚市-天涯区,海南省三亚市天涯区解放2路旺毫超市1号商铺,,
三亚市,廷杰口腔(金鸡岭店店),三亚市-天涯区,海南省三亚市天涯区金鸡岭街115号瑞海锦苑A2-107,,
三亚市,微笑口腔(三亚大东海分院),三亚市-吉阳区,海南省三亚市吉阳区榆亚路83号锦轩江南楼第一层,,
三亚市,微笑口腔(三亚迎宾路门诊部),三亚市-吉阳区,海南省三亚市吉阳区迎宾路三亚月川香榭名苑A栋2。6号铺面,,
双鸭山市,牙卫士口腔门诊,双鸭山市-尖山区,黑龙江省双鸭山市尖山区今日家园1号楼,,
商丘市,宁陵牙好佳口腔诊所,商丘市-宁陵县,河南省商丘市宁陵县建设路中段南侧33号（妇幼西50m）,,
商丘市,柘城县安雅口腔诊所,商丘市-柘城县,河南省商丘市柘城县迎宾大道南段金沙凤凰城小区101号,,
商丘市,红太阳口腔,商丘市-未知区域,河南省商丘市永城市建设路尚品国际北门向西30米,,
商丘市,美迪口腔(万达店),商丘市-城乡一体化示范区,河南省商丘市城乡一体化示范区归德路与方域路交叉口东200米路南国安悦府二期105号门面,,
商丘市,美迪口腔(归德店),商丘市-梁园区,河南省商丘市梁园区白云街道八一路北归德路东都会国际三期6-8号楼6号门面,,
商丘市,美迪口腔(缤纷店),商丘市-睢阳区,商丘市睢阳区宇航路缤纷广场306-2号,,
商丘市,美迪口腔(香君店),商丘市-睢阳区,商丘市睢阳区凯旋路与香君路交叉口向东100米路北宏伟蓝郡1号楼D03号门面,,
三门峡市,渑池美奥口腔,三门峡市-渑池县,河南省三门峡市渑池县金堂国际中段路东美奥口腔,,
三门峡市,龙湖口腔,三门峡市-陕州区,河南省三门峡市陕州区张湾乡龙湖新城7号楼1楼14/15门面房,,
随州市,汉植口腔·数字化种植中心,随州市-曾都区,随州市曾都区北郊街道北郊汉孟公路3号(北城阳光一期)4幢一层12、13号,,
随州市,牙博仕口腔(烈山大道店),随州市-曾都区,随州市曾都区北郊街道烈山大道238号一楼,,
随州市,牙博仕口腔(解放路店),随州市-曾都区,"随州市曾都区东城街道东城舜井解放路11号天生街2栋104,105,201号",,
随州市,牙管家口腔(实验中学店),随州市-曾都区,随州市曾都区西城街道西城烈山大道256号,,
邵阳市,雅贝康口腔（敏州路店）,邵阳市-大祥区,邵阳市大祥区城南街道敏州西路与马蹄塘路交叉口,,
宿迁市,众迪口腔(楚街店),宿迁市-宿城区,江苏省宿迁市宿城区仁恒公寓D幢D9号,,
宿迁市,宿迁丽和口腔(洪泽湖路店),宿迁市-宿城区,宿迁市宿城区皇冠国际公寓10幢88-1铺,,
宿迁市,泗阳丽和口腔,宿迁市-泗阳县,江苏省宿迁市泗阳县众兴街道长春路 雨润广场南门向西50米 （坐北朝南）,,
松原市,爱齿口腔,松原市-宁江区,吉林省松原市宁江区五环大街4287号,,
松原市,百姓口腔,松原市-乾安县,吉林省松原市乾安县如松街道白驹街与梧桐大路交叉路口南侧,,
四平市,诺雅口腔,四平市-铁西区,吉林省四平市铁西区紫气大路与迎宾四胡同交汇处（原审计局办公楼）,,
四平市,诺雅口腔医院第一门诊部,四平市-铁东区,吉林省四平市铁东区平东街黄金委金水名居小区8号楼101-102,,
四平市,诺雅牙必佳口腔(师范大学店),四平市-铁西区,吉林省四平市铁西区吉林师范大学正门南行50米牙必佳口腔,,
四平市,黄鑫城口腔连锁(万达总店),四平市-铁东区,四平市铁东区北门街道平东街万达广场A区A1-A6号楼1至2层A1-102,,
四平市,黄鑫城口腔连锁(博达店),四平市-铁西区,四平市铁西区英雄街道文苑路305号,,
四平市,黄鑫城口腔连锁(师院店),四平市-铁西区,四平市铁西区英雄街道果园街吉林师范学院小门北行50米(碧天辅雅居9号楼1至2层109),,
四平市,黄鑫城口腔连锁(梨树店),四平市-梨树县,四平市梨树县康平街道奉化大街39号旁,,
苏州市,苏州美奥-吴中店,苏州市-吴中区,江苏省苏州市吴中区石湖东路100号天誉生活广场,,
苏州市,苏州美奥-园区店,苏州市-未知区域,金融港商务中心266号,,
苏州市,苏州美奥-高新区科技城店,苏州市-高新区,江苏省苏州市高新区科技城科发路101号2001室,,
苏州市,卓越口腔,苏州市-未知区域,张家港市杨舍镇人民东路汇金新城588号,,
苏州市,张家港城东牙博士口腔门诊部,苏州市-未知区域,江苏省苏州市张家港市杨舍镇人民东路20号汇金中心A座写字楼2层M201室,,
苏州市,昆山花桥牙博士口腔门诊部有限公司,苏州市-未知区域,江苏省苏州市昆山市花桥镇花溪路268号1-201、1-202、1-301,,
苏州市,牙博士吴中机构,苏州市-吴中区,苏州市吴中区东吴北路19号,,
苏州市,牙博士吴江机构,苏州市-吴江区,吴江区松陵镇花园路2211号,,
苏州市,牙博士城西机构,苏州市-未知区域,昆山市玉山镇前进西路1277号,,
苏州市,牙博士天虹机构,苏州市-相城区,苏州市相城区相城大道1168号相城天虹购物中心第L2B层编号F221-A商铺,,
苏州市,牙博士太仓机构,苏州市-未知区域,太仓市城厢镇新华东路38号,,
苏州市,牙博士姑苏机构,苏州市-未知区域,苏州市友新路1188号,,
苏州市,牙博士常熟琴川,苏州市-未知区域,常熟市珠江东路97-1,,
苏州市,牙博士常熟虞山机构,苏州市-未知区域,常熟市书院街126号,,
苏州市,牙博士张家港机构,苏州市-未知区域,张家港市沙州西路117号华盛大厦一楼和二楼商铺（M201-1）,,
苏州市,牙博士新区机构,苏州市-苏州高新区,苏州高新区狮山路35号1幢203室,,
苏州市,牙博士昆山城东机构,苏州市-昆山开发区,昆山开发区前进东路333号B楼101号、B楼201号,,
苏州市,牙博士昆山城北机构,苏州市-未知区域,昆山市玉山镇萧林路699号69-74号及83号第三层,,
苏州市,牙博士昆山城区机构,苏州市-昆山开发区,昆山开发区前进中路281号,,
苏州市,牙博士昆山金鹰机构,苏州市-昆山开发区,昆山开发区黄河中路288号5#107、108,,
苏州市,牙博士明珠城机构,苏州市-江经济开发区,吴江经济开发区陵西路1688号3幢202、206、209,,
苏州市,牙博士星斓荟机构,苏州市-苏州工业园区,苏州工业园区南谢雨街55号星斓荟路劲广场3幢C-129-1、C-213、C220-2、C-220-3a,,
苏州市,牙博士木渎机构,苏州市-吴中区,苏州市吴中区木渎镇金山南路37号(华润万家木渎天平店)L1022室、L2001室,,
苏州市,牙博士湖东机构,苏州市-苏州工业园区,苏州工业园区苏州大道东278号领汇广场3幢二层237号商铺,,
苏州市,牙博士湖西机构,苏州市-苏州工业园区,苏州工业园区苏雅路368号1幢139室,,
苏州市,牙博士盛泽机构,苏州市-吴江区,苏州市吴江区盛泽镇舜湖西路北侧东茂商业广场1-1幢（127铺、128铺、129铺）一到三层、（130铺、131铺、132铺、133铺）第三层,,
苏州市,牙博士相城机构,苏州市-相城区,苏州市相城区人民路4555号繁花中心1栋101、102、201单元,,
苏州市,牙博士观前机构,苏州市-未知区域,苏州市干将西路55号；鹰扬巷1，2，3号,,
苏州市,牙博士青剑湖机构,苏州市-苏州工业园区,苏州工业园区亭谊街38号龙湖星湖天街B1,,
苏州市,苏州尹山湖牙博士口腔门诊部有限公司,苏州市-中经济开发区,苏州吴中经济开发区郭巷街道清禾路888号尹山湖歌林公园西区1号楼3楼1301铺,,
苏州市,苏州科技城牙博士口腔诊所,苏州市-苏州高新区,苏州高新区科发路101号致远国际商务大厦写字楼2-202（1）；202（2）,,
苏州市,贝荷口腔(汇金店),苏州市-未知区域,张家港市杨舍镇汇金花园19-101,,
上饶市,万年县心安口腔,上饶市-万年县,江西省上饶市万年县陈营镇正大西街58号,,
上饶市,上饶信州美维阳光口腔门诊部,上饶市-信州区,江西省上饶市信州区凤凰大道（公园道1号）第一幢1单元1-7号,,
上饶市,上饶维乐阳光口腔医院,上饶市-信州区,江西省上饶市信州区凤凰东大道188号2-6,,
上饶市,余干雅美口腔,上饶市-余干县,江西省上饶市余干县余干东街圆盘北出口10米左商铺,,
上饶市,广信美唯阳光口腔门诊部,上饶市-广信区,江西省上饶市广信区旭日中大道76.78号,,
上饶市,鄱阳县贝齿口腔,上饶市-鄱阳县,江西省上饶市鄱阳县饶州街道山水天下8幢17号铺,,
沈阳市,国民口腔,沈阳市-沈河区,辽宁省沈阳市沈河区风雨坛街52号,,
沈阳市,国睿口腔,沈阳市-铁西区,辽宁省沈阳市铁西区兴华南街46号2门,,
沈阳市,易达口腔,沈阳市-于洪区,辽宁省沈阳市于洪区川江街36号1门,,
沈阳市,易达口腔(浑南店),沈阳市-浑南区,辽宁省沈阳市浑南区金卡路6-5号1门,,
沈阳市,易达口腔长白店,沈阳市-和平区,辽宁省沈阳市和平区长白西路29-2号,,
沈阳市,欢乐口腔(和平仁爱门诊部),沈阳市-和平区,辽宁省沈阳市和平区南京北街26甲4号,,
沈阳市,欢乐口腔(新民欢乐仁爱口腔门诊部),沈阳市-未知区域,辽宁省沈阳市新民市辽河大街113号,,
沈阳市,欢乐口腔(沈河十一纬路欢乐仁爱口腔门诊部),沈阳市-沈河区,辽宁省沈阳市沈河区十一纬路256号,,
沈阳市,欢乐口腔(沈河欢乐仁爱口腔医院),沈阳市-沈河区,辽宁省沈阳市沈河区广宜街50号,,
沈阳市,欢乐口腔(浑南欢乐仁爱口腔门诊部),沈阳市-浑南区,辽宁省沈阳市浑南区浑河堡街52号5门,,
沈阳市,欢乐口腔(苏家屯口腔门诊部),沈阳市-苏家屯区,辽宁省沈阳市苏家屯区香杨路79号8门,,
沈阳市,沈阳众合悦美口腔门诊部,沈阳市-大东区,辽宁省沈阳市大东区黎明四街7-1号6门,,
沈阳市,沈阳众合悦美口腔门诊部,沈阳市-大东区,辽宁省沈阳市大东区黎明四街7-1号6门,,
沈阳市,沈阳沈河诚之信口腔门诊部,沈阳市-沈河区,沈阳市沈河区十二纬路61号,,
沈阳市,沈阳浑南诚信口腔门诊部,沈阳市-浑南区,辽宁省沈阳市浑南区白塔河路57-48号（9门）,,
沈阳市,沈阳皇姑完佩综合门诊部有限公司,沈阳市-皇姑区,辽宁省沈阳市皇姑区珠江街197号,,
沈阳市,沈阳诚信之医疗服务有限公司沈北诚信之口腔诊所,沈阳市-沈北新区,辽宁省沈阳市沈北新区道义南大街8-30号4门,,
沈阳市,沈阳诚信之医疗服务有限公司浑南诚信之口腔诊所分公司,沈阳市-浑南区,辽宁省沈阳市浑南区白塔河路57-51号（4门）,,
沈阳市,瑞思兴工口腔门诊部有限公司,沈阳市-铁西区,辽宁省沈阳市铁西区兴工北街57号4门,,
沈阳市,瑞思口腔门诊部有限公司,沈阳市-大东区,沈阳市大东区德增街9号1门,,
沈阳市,瑞思口腔门诊部有限公司,沈阳市-大东区,辽宁省沈阳市大东区德增街9号1门,,
沈阳市,米兰口腔(全运路店),沈阳市-沈阳浑南区,沈阳浑南区全运路70-21号,,
沈阳市,米兰口腔(北一路万达店),沈阳市-铁西区,铁西区北一路万达,,
沈阳市,米兰口腔(太原街店),沈阳市-和平区,沈阳市和平区民主路75号,,
沈阳市,米兰口腔(奥莱店),沈阳市-浑南区,沈阳市浑南区浑南三路1-5号,,
沈阳市,米兰口腔(新世界店),沈阳市-和平区,沈阳市和平区香港路139号,,
沈阳市,米兰口腔(沈辽路店),沈阳市-铁西区,铁西区兴华南街89-1号1门,,
沈阳市,米兰口腔(浑南明天广场店),沈阳市-浑南新区,沈阳市浑南新区高迎路万科明天广场南区32号楼1-32号9门,,
沈阳市,米兰口腔(浑南麦德龙店),沈阳市-浑南区,沈阳市浑南区浑南中路5-1号6门,,
沈阳市,米兰口腔(皇姑三台子店),沈阳市-皇姑区,沈阳市皇姑区黄河北大街29-26号,,
沈阳市,米兰口腔(铁西店),沈阳市-铁西区,沈阳市铁西区卫工街44号,,
沈阳市,米兰口腔(长安桥店),沈阳市-浑南区,沈阳市浑南区长安桥南街9-24号7门,,
沈阳市,米兰口腔全运路店,沈阳市-浑南区,辽宁省沈阳市浑南区全运路70-21号9-10门,,
沈阳市,米兰口腔北一路万达店,沈阳市-铁西区,辽宁省沈阳市铁西区北一中路1号万达广场F2,,
沈阳市,米兰口腔奥莱店,沈阳市-浑南区,辽宁省沈阳市浑南区浑南三路1-5号（大奥莱北门）,,
沈阳市,米兰口腔新世界店,沈阳市-和平区,辽宁省沈阳市和平区香港路168号（K11商场附近）,,
沈阳市,米兰口腔沈辽路店,沈阳市-铁西区,辽宁省沈阳市铁西区兴华南街89-1号1门,,
沈阳市,米兰口腔皇姑店,沈阳市-皇姑区,辽宁省沈阳市皇姑区黄河北大街29-26号3门,,
沈阳市,米兰口腔铁西店,沈阳市-铁西区,辽宁省沈阳市铁西区卫工北街44甲3门(万科蓝山对面),,
沈阳市,米兰口腔麦德龙店,沈阳市-浑南区,辽宁省沈阳市浑南区浑南中路5-1号6门（浑南大道迪卡侬楼下）,,
沈阳市,马泷齿科康橙门诊(星摩尔店),沈阳市-铁西区,辽宁省沈阳市铁西区北二中路6号F.C-04-05,,
沈阳市,马泷齿科舒康门诊(万象城店),沈阳市-和平区,辽宁省沈阳市和平区青年大街288号L555号商铺,,
朔州市,博诚口腔棚户区分院,朔州市-怀信东街路南棚户区,山西省朔州市怀仁市怀信东街路南棚户区聚宝盆集贸市场正对面,,
朔州市,大众口腔(三部军分区店),朔州市-朔城区,朔州市朔城区北旺庄街道振华街意境园小区2栋7号商铺,,
朔州市,大众口腔(二部晨光花都店),朔州市-开发区,朔州市开发区晨光花都小区东侧临街10号商铺,,
朔州市,大白牙口腔（城区六小店）,朔州市-朔城区,朔州市朔城区北城街道西兴东8号,,
朔州市,康乐博诚口腔门诊部,朔州市-应县,山西省朔州市应县金城镇新建西街水利局商铺3楼,,
朔州市,康乐博诚口腔门诊部,朔州市-应县,山西省朔州市应县金城镇新建西街水利局商铺3楼,,
朔州市,怀仁博城口腔门诊部,朔州市-未知区域,山西省朔州市怀仁市云中街道仁和居高层商铺,,
朔州市,怀仁市博诚口腔门诊部,朔州市-未知区域,山西省朔州市怀仁市云中街道仁和居高层商铺,,
朔州市,朔州博诚口腔医院,朔州市-未知区域,怀仁市怀贤街,,
朔州市,朔州博诚口腔医院,朔州市-未知区域,山西省朔州市怀仁市怀贤街,,
朔州市,紫贝壳·大白牙口腔(五完小店),朔州市-朔城区,朔州市朔城区南城街道诚信博园小区11号楼14号商铺,,
朔州市,范振庆口腔诊所,朔州市-朔城区,朔州市朔城区神电主干道新建路联通隔壁,,
商洛市,商洛牙管家口腔,商洛市-商州区,陕西省商洛市商州区商州西路十字东北角（商郡城楼下）,,
商洛市,好牙医口腔(商洛市店),商洛市-商州区,商洛市商州区城关街道通江西路中国联通营业厅北20米,,
商洛市,新牙博仕口腔,商洛市-商州区,陕西省商洛市商州区城关街道群贤居商铺8号楼1托-07商铺,,
上海市,上海华尔康口腔医院,上海市-松江区,上海市松江区乐都路188弄1-6号,,
上海市,上海摩尔亚美口腔门诊部,上海市-浦东新区,上海市浦东新区张杨路2566号（崮山路）,,
上海市,上海摩尔口腔医院,上海市-普陀区,上海市普陀区梅川路1293号（真光路）,,
上海市,上海摩尔同乐口腔医院,上海市-闵行区,上海市闵行区七莘路1318号1幢强劲大厦7层（黎安路）,,
上海市,上海摩尔星华口腔医院,上海市-宝山区,上海市宝山区逸仙路1328号新业坊5号楼（殷高西路）,,
上海市,上海摩尔星康口腔医院,上海市-黄浦区,上海市黄浦区新闸路158号1-2层,,
上海市,上海摩尔星汇口腔医院,上海市-上海徐汇区,上海徐汇区漕宝路33号，日月光C座6L.,,
上海市,上海摩尔星浦口腔医院,上海市-青浦区,上海市青浦区盈浦街道观云路372弄54号1-5层（万达茂对面）,,
上海市,上海摩尔星象口腔医院,上海市-静安区,上海市静安区北京西路1271号2-4层,,
上海市,上海摩尔星贤口腔医院,上海市-奉贤区,上海市奉贤区环城东路793号4楼（航南公路，环城东路地铁站2号口处）,,
上海市,上海摩尔星辰口腔医院,上海市-浦东新区,上海市浦东新区浦建路15号新塘桥生活广场（塘桥地铁站4号口处）,,
上海市,上海摩尔星际口腔门诊部,上海市-浦东新区,上海市浦东新区张杨路3611弄1号金桥国际商业广场3楼325室（1座3楼）,,
上海市,上海摩尔申洁口腔医院,上海市-静安区,上海市静安区江场西路300号1幢,,
上海市,华尔康口腔（松江泗泾店）,上海市-松江区,上海市松江区泗泾镇泗凤公路与横港公路交叉口栋200米,,
上海市,健齿口腔门诊部,上海市-浦东新区,浦东新区昌里东路111号,,
上海市,华尔康口腔(青浦总院),上海市-青浦区,上海市青浦区青湖路788号,,
上海市,华尔康口腔（宝山总院）,上海市-宝山区,宝山区年吉路100弄12号301、302、303、304、305,,
上海市,华尔康口腔（宝山殷高西路店）,上海市-宝山区,上海市宝山区高逸路7-29号1幢203、205、206、207室,,
上海市,华尔康口腔（松江九杜路店）,上海市-松江区,上海市松江区沪松公路1510号一层106、107室,,
上海市,华尔康口腔（松江吾悦广场店）,上海市-松江区,上海市松江区永丰街道玉树路2579号,,
上海市,华尔康口腔（松江新桥店）,上海市-松江区,上海市松江区新桥镇新镇街999弄997号1-2层,,
上海市,华尔康口腔（松江车墩店）,上海市-松江区,上海市松江区车墩镇影视路55-59号,,
上海市,华尔康口腔（虹口福鑫店）,上海市-虹口区,上海市虹口区东宝兴路915号底层、二层,,
上海市,华尔康口腔（闵行田林路店）,上海市-闵行区,上海市闵行区田林路1449号,,
上海市,华盛口腔门诊部,上海市-浦东新区,浦东新区上南路3019号,,
上海市,华茂口腔门诊部,上海市-杨浦区,杨浦区长海一村53号,,
上海市,华齿华开口腔门诊部,上海市-杨浦区,杨浦区开鲁路329号,,
上海市,华齿华驰口腔门诊部,上海市-黄浦区,黄浦区复兴东路1117号,,
上海市,华齿古思口腔门诊部,上海市-金山区,金山区枫泾镇思古弄118-122号,,
上海市,华齿国定口腔门诊部,上海市-杨浦区,杨浦区国定路335号（颐高数码广场3楼）邯郸路路口,,
上海市,华齿奉南口腔门诊部,上海市-奉贤区,奉贤区南桥镇百齐路288号（南桥百联购物中心二期四楼，电影院对面）,,
上海市,华齿尚仁口腔门诊部,上海市-松江区,松江区环城路260号（近中山东路）,,
上海市,华齿尚荟口腔医院,上海市-徐汇区,徐汇区肇嘉浜路989号1层,,
上海市,华齿沪齿口腔门诊部,上海市-杨浦区,杨浦区江浦路2143路,,
上海市,华齿皓准口腔门诊部,上海市-金山区,金山区朱泾镇临源街396号（靠近朱泾第二小学东校区）,,
上海市,明皓口腔门诊部,上海市-浦东新区,浦东新区三林路1498-1518号,,
上海市,爱齿口腔门诊部,上海市-杨浦区,杨浦区平凉路1127号（距眉州路180米）,,
上海市,维乐口腔 万盛门诊,上海市-长宁区,上海市长宁区定西路467号（近新华路）,,
上海市,维乐口腔 埃齐门诊,上海市-静安区,上海市静安区昌平路535号,,
上海市,维乐口腔 美维馨门诊,上海市-普陀区,上海市普陀区远景路662号万业远景大厦B座2楼202-206,,
上海市,长康口腔门诊部,上海市-杨浦区,杨浦区长阳路1945-1949号（距双阳路50米）,,
上海市,华尔康口腔（松江九亭店）,上海市-松江区,上海市松江区九亭镇九亭大街504号,,
上海市,维乐口腔 杨浦医院,上海市-杨浦区,上海市杨浦区翔殷路999号3号楼5层,,
上海市,维乐口腔 维乐怡门诊,上海市-浦东新区,上海市浦东新区孙建路480弄25-31号1层,,
上海市,维佳康口腔（嘉尔机构）,上海市-青浦区,青浦区嘉松中路5386弄绿洲智谷花园里北区L3-01\02-A,,
上海市,维佳康口腔（宝山机构）,上海市-宝山区,上海市宝山区经地路99弄经纬汇9号楼2层,,
上海市,维佳康口腔（浦尔机构）,上海市-青浦区,上海市青浦区淀浦河东路 229-237 号,,
上海市,维佳康口腔（虹口机构）,上海市-上海虹口区,上海虹口区公平路 772 号,,
上海市,维佳康口腔（青尔机构）,上海市-青浦区,上海市青浦区盈港路 580 号,,
遂宁市,华美牙科(遂宁店),遂宁市-船山区,四川省遂宁市船山区遂州中路454号,,
遂宁市,华美牙科河东门诊部,遂宁市-船山区,四川省遂宁市船山区慈音街道栖霞路敏捷锦绣源著3739号,,
遂宁市,牙米口腔(大英分院),遂宁市-大英县,四川省遂宁市大英县采和大道135号青龙湾御府正大门右侧,,
遂宁市,遂宁启辰口腔,遂宁市-船山区,四川省遂宁市船山区慈音街道德水中路418号尚城五期雅庭1栋2层2号，1栋3层2号,,
绍兴市,仁禾口腔,绍兴市-上虞区,浙江省绍兴市上虞区百官街道华维路68号永铭大厦101、201室,,
绍兴市,杭州牙科医院集团越城牙科医院,绍兴市-越城区,浙江省绍兴市越城区府山街道中兴中路201、203、205、207、209、211、213、215、217、219、221、227、229号、225号201室（华丰大厦1-2楼）,,
绍兴市,绍兴柯桥牙科医院,绍兴市-柯桥区,浙江省绍兴市柯桥区柯桥街道世茂名流 13幢201室，202室，203室，301室，302室，303室，501室(承诺申报),,
绍兴市,绍兴皓博士口腔(滨海店),绍兴市-柯桥区,浙江省绍兴市柯桥区马鞍镇滨海工业区滨海湾公寓商1幢201室,,
绍兴市,诸暨德中口腔医院,绍兴市-未知区域,浙江省绍兴市诸暨市暨阳街道高湖路76-18号,,
铜陵市,渡江口腔门诊部,铜陵市-铜官区,安徽省铜陵市铜官区碧桂园铜官乐S1号楼5号商铺,,
铜陵市,铜陵渡江口腔医院,铜陵市-铜官区,安徽省铜陵市铜官区淮河大道南段490号,,
铜陵市,陌客尔口腔门诊部,铜陵市-铜官区,安徽省铜陵市铜官区石城大道北段2388号（大润发永和豆浆傍）,,
铜仁市,石阡医口健口腔医院,铜仁市-石阡县,贵州省铜仁市石阡县佛顶山北路文笔书香苑2-4号楼二楼医口健口腔医院,,
天水市,兔博士口腔天水分院,天水市-秦州区,秦州区建设路1号东升大厦旁,,
天水市,天水兔博士口腔门诊部,天水市-秦州区,甘肃省天水市秦州区建设路东升大厦一层01号、二层01号商钼,,
唐山市,三十二颗牙口腔诊所,唐山市-未知区域,河北省唐山市滦州市新城燕山大街与天福道交叉口东北侧金鼎中心,,
唐山市,世博口腔,唐山市-丰润区,河北省唐山市丰润区公园道20号,,
唐山市,乐齿贝口腔门诊部,唐山市-路北区,河北省唐山市路北区迎凤里梧枫府8楼大里北路488-11号,,
唐山市,众嘉悦口腔,唐山市-未知区域,河北省唐山市迁安市永顺街道办事处燕山大路中段路西,,
唐山市,医梵口腔,唐山市-路北区,唐山市路北区大里街道郭大里建科商业楼11楼3号,,
唐山市,唐山博尔口腔,唐山市-路北区,河北省唐山市路北区兴源里阳光大厦北新西道39号一层1-5号,,
唐山市,唐山牙博士口腔医院(信息大厦店),唐山市-路南区,河北省唐山市路南区新华西道110号,,
唐山市,唐山英伦口腔(恒大家庭门诊部),唐山市-唐山高新技术产业园区,河北省唐山高新技术产业园区付家屯城中村改造（CO1，小学，幼儿园地块）307楼1单元2、3号,,
唐山市,壹颗芽口腔种植(技术总院),唐山市-路北区,河北省唐山市路北区凤凰世嘉305楼底商1号、2号,,
唐山市,弋尔口腔,唐山市-迁西县,河北省唐山市迁西县水源里龙岩小区新源苑6排002号,,
唐山市,星河口腔(滦南正通店),唐山市-滦南县,河北省唐山市滦南县正通花园小区38号商铺,,
唐山市,滦州八颗牙口腔诊所,唐山市-未知区域,河北省唐山市滦州市滦城街道办事处马庄子村1排39号,,
唐山市,爱牙仕口腔(渤海东西街店),唐山市-路南区,唐山市路南区渤海东西街渤海豪庭,,
唐山市,牙博士口腔(丰润店),唐山市-丰润区,河北省唐山市丰润区曹雪芹西道368号一二三层,,
唐山市,牙博士口腔(八方店),唐山市-未知区域,河北省唐山市学院南路38号,,
唐山市,牙博士口腔(远洋城店),唐山市-未知区域,河北省唐山市建设北路73号办公楼,,
唐山市,玉一民口腔,唐山市-古冶区,河北省唐山市古冶区金山永安道6号,,
唐山市,玉嘉民口腔,唐山市-古治区,河北省唐山市古治区林西新光路1号,,
唐山市,盛世口腔医院,唐山市-乐亭县,河北省唐山市乐亭县滨河路77号,,
唐山市,诚信口腔(战前南路店),唐山市-丰南区,河北省唐山市丰南区丰南镇汇通路206号,,
唐山市,诚济口腔,唐山市-丰南区,河北省唐山市丰南区胥各庄镇瑞宁街18号、20号,,
泰州市,泰康拜博口腔(海陵店),泰州市-未知区域,泰州市凤凰东路99号A,,
泰州市,羌溪口腔(佳源店),泰州市-未知区域,泰兴市羌溪中路佳源新天地1号楼15幢107号,,
通化市,涵亿口腔,通化市-东昌区,吉林省通化市东昌区新站步行街博利超市对面,,
通化市,盛康口腔诊所,通化市-东昌区,吉林省通化市东昌区通新风路2号(壹楼肆号),,
通化市,诺雅口腔门诊(滨河南街店),通化市-未知区域,吉林省通化市梅河口市天龙御都A幢1-5门市,,
通化市,通化华忆口腔门诊部,通化市-东昌区,吉林省通化市东昌区碧水豪庭正门旁,,
泰安市,新泰美润口腔医院,泰安市-未知区域,山东省泰安市新泰市园西路50号,,
泰安市,艺皓口腔数字化3D导板精准种植牙中心,泰安市-岱岳区,山东省泰安市岱岳区粥店办事处王府花园11号商业楼,,
铁岭市,冠琳口腔医院(新区分店),铁岭市-凡河新区,辽宁省铁岭市凡河新区钟山柳岸4幢1-8,,
铁岭市,铁岭冠琳口腔医院,铁岭市-银州区,辽宁省铁岭市银州区新华街17号8栋5、6、7门市,,
铁岭市,铁岭牙博士口腔,铁岭市-铁岭县,辽宁省铁岭市铁岭县凡河新区金科府邸5号门市,,
天津市,中北佳和口腔,天津市-西青区,天津市西青区中北镇卉锦道24号一楼,,
天津市,优嘉口腔中心,天津市-南开区,天津市南开区天塔道6号,,
天津市,天津武清蓝松鼠口腔门诊部,天津市-武清区,天津市武清区东蒲洼街道莱茵翠景底商638号,,
天津市,天津英卓口腔门诊部,天津市-天津滨海新区,天津滨海新区经济技术开发区广场东路20号滨海金融街E7108室,,
天津市,微尔特口腔,天津市-和平区,天津市和平区新文化花园新雅居(荣业大街东),,
天津市,有涯齿科(津南店),天津市-津南区,天津市津南区双港镇梨双公路西侧普泰花园10号楼底商2号,,
天津市,植德口腔,天津市-河西区,天津市河西区解放南路南头货运汽车修理厂房屋-1-202室,,
天津市,欣植德口腔,天津市-滨海新区,天津市滨海新区大港街道迎宾街54号,,
天津市,泽美口腔恒兴分院,天津市-宝坻区,天津市天津市宝坻区南关大街分院（宝坻县医院向南500米）,,
天津市,泽美口腔恒昌分院,天津市-宝坻区,天津市天津市宝坻区城市艺墅D-06（劝宝购物广场斜对面）,,
天津市,泽美口腔恒盛分院,天津市-武清区,天津市天津市武清区信义道90号,,
天津市,泽美口腔恒茂分院,天津市-武清区,天津市天津市武清区恒茂生活广场9号楼15-101号,,
天津市,泽美口腔金帆总院,天津市-武清区,天津市天津市武清区广贤路515号,,
天津市,爱芽堡亲子齿科(鲁能公冠店),天津市-南开区,天津市南开区水上公园东路绿荫名邸3-10,,
天津市,瑞佳口腔(万达店),天津市-河东区,天津市河东区津滨大道53号万达金街1122室,,
天津市,瑞佳口腔(凌奥店),天津市-西青区,天津市西青区李七庄街凌奥创意产业园一期增一号楼,,
天津市,瑞佳口腔(天拖店),天津市-南开区,天津市南开区红旗路西侧实泽园14-1,,
天津市,英瑞齿科(津湾广场店),天津市-和平区,天津市和平区解放北路津湾广场5号楼6层（国图入口旁）,,
天津市,雅尔美口腔(南开店),天津市-南开区,天津市天津市南开区鼓楼街道 西马路455号天越园底商,,
天津市,雅尔美口腔(塘沽店),天津市-滨海新区,天津市天津市滨海新区塘沽新港二号路1804号,,
天津市,雅尔美口腔(河西店),天津市-河西区,天津市天津市河西区越秀路街道河西区白云路26号,,
太原市,刘双全口腔门诊部(和平北路店),太原市-万柏林区,山西省太原市万柏林区兴华街道和平北路102号1幢A座1-2层1004号,,
太原市,博冠口腔(龙城北街店),太原市-小店区,太原市小店区龙城街道龙城北街与金台路交叉口西北角华天置地底商万合商贸汾酒营销中心东行20米,,
太原市,太原奥蕊口腔门诊管理有限公司双塔西街口腔门诊部,太原市-迎泽区,太原市迎泽区迎泽街道35号瑞熙大厦2楼,,
太原市,太原雅贝鑫口腔门诊部有限公司,太原市-未知区域,双塔西街133号A5,,
太原市,太原雅贝鑫口腔门诊部有限公司,太原市-迎泽区,山西省太原市迎泽区双塔西街133号A5,,
太原市,太原鼎植口腔医院,太原市-迎泽区,山西省太原市迎泽区建设南路与亲贤北街交叉口东北角,,
太原市,奥蕊口腔寇庄店,太原市-小店区,山西省太原市小店区 寇庄西路92号君泰风尚国际小区底商奥蕊口腔寇庄店,,
太原市,奥蕊口腔许东店,太原市-小店区,山西省太原市小店区许东路锦东佳苑9号楼二层,,
太原市,奥蕊口腔连锁·数字化口腔诊疗(双塔店),太原市-迎泽区,太原市迎泽区迎泽街道双塔西街35号瑞熙大厦二层B1室,,
太原市,奥蕊口腔门诊管理有限公司小店康宁雅苑口腔门诊部,太原市-小店区,太原市小店区真武西路东小店一组2号3号商铺,,
太原市,小苹果口腔(万达店),太原市-杏花岭区,山西省太原市杏花岭区山西省太原市杏花岭区太原万达·龙潭公馆东门1号楼底商,,
太原市,小苹果口腔(优美店),太原市-尖草坪区,山西省太原市尖草坪区山西省太原市尖草坪区尖草坪区优山美郡三期48幢2层,,
太原市,小苹果口腔(兴安苑店),太原市-尖草坪区,山西省太原市尖草坪区山西省太原市尖草坪区迎新街东一条兴安苑西区院内,,
太原市,小苹果口腔(太钢店),太原市-尖草坪区,山西省太原市尖草坪区山西省太原市尖草坪区柏杨树街太钢医院对面二楼,,
太原市,小苹果口腔(柏杨树店),太原市-杏花岭区,山西省太原市杏花岭区山西省太原市杏花岭区柏杨树街太钢25小区底商二楼,,
太原市,小苹果口腔(迎新店),太原市-尖草坪区,山西省太原市尖草坪区山西省太原市尖草坪区迎新街东一条(六味斋旁),,
太原市,山西众植齿科医院,太原市-小店区,"山西省太原市小店区许坦西街与体育南路交叉口(开元农贸市场斜对面,美特好旁)",,
太原市,山西众植齿科医院迎西院区,太原市-万柏林区,山西省太原市万柏林区迎泽西大街100号国际能源中心C座4层,,
太原市,恒依菲尔口腔(菜园门诊部),太原市-迎泽区,山西省太原市迎泽区解放南路54号菜园,,
太原市,恒依菲尔口腔(龙城门诊部),太原市-小店区,山西省太原市小店区龙城南街268号首开国风榔樾33栋1003号,,
太原市,恒依菲尔口腔门诊(蓝山门诊部),太原市-万柏林区,山西省太原市万柏林区和平南路205号9幢1008号,,
太原市,方圆口腔旗舰院,太原市-杏花岭区,太原市杏花岭区职工新街街道东中环路馨春龙城苑-A区底商1051号,,
太原市,环中口腔·种植·矫正·修复中心(千峰南路院区),太原市-万柏林区,太原市万柏林区下元街道千峰南路88号,,
太原市,环中口腔直营连锁·种植·矫正·修复中心(新建南路院区),太原市-迎泽区,太原市迎泽区老军营街道新建南路山西大酒店旁7号1层102号,,
太原市,环中口腔（长风街院区）,太原市-小店区,小店区长风街与长治路交叉口地铁站B出口4层,,
太原市,硕和口腔(双塔西街店),太原市-迎泽区,太原市迎泽区迎泽街道双塔西街30号华宜大厦1层113-1号商铺,,
太原市,秦国凤口腔,太原市-未知区域,长风西街长风世纪广场C座底商1021,,
太原市,秦国凤口腔,太原市-万柏林区,山西省太原市万柏林区长风西街长风世纪广场C座底商1021,,
太原市,雅齿康口腔,太原市-合改革示范区,山西转型综合改革示范区学府产业园平阳路426号一幢一层102号,,
铜川市,满秦口腔(王益区店),铜川市-王益区,陕西省铜川市王益区中心区商业广场D座二层B区,,
台州市,仙居口腔医院,台州市-仙居县,浙江省台州市仙居县福应街道城北东路81号,,
台州市,台州市牙博士口腔门诊有限公司,台州市-未知区域,浙江省台州市东环大道156、158号,,
台州市,台州椒江牙博士口腔医院有限公司,台州市-椒江区,浙江省台州市椒江区葭沚街道海龙路13号,,
台州市,台州黄岩牙博士口腔门诊有限公司,台州市-黄岩区,"浙江省台州市黄岩区西城街道世纪大道10-11,10-12,10-13号",,
台州市,杭州口腔医院台州门诊部,台州市-椒江区,浙江省台州市椒江区市府大道东段82.84号一层、72、86、94号二层（自主申报）,,
台州市,温岭牙博士口腔门诊有限公司,台州市-未知区域,温岭市太平街道中华路359号,,
台州市,玉环口腔医院,台州市-未知区域,浙江省玉环市玉城街道康育南路130号201室,,
台州市,黄岩口腔医院,台州市-黄岩区,浙江省台州市黄岩区东城街道县前街125号,,
梧州市,妙手口腔(河东总店),梧州市-藤县,广西壮族自治区梧州市藤县藤州镇藤州大道230号,,
梧州市,梧州蓝天口腔医院,梧州市-长洲区,广西壮族自治区梧州市长洲区奥奇丽路8号27-28栋二层,,
梧州市,梧州诺贝尔口腔旺城总院,梧州市-万秀区,广西壮族自治区梧州市万秀区文澜路30号（军分区旁）来往酒店二楼,,
梧州市,粤桂时代口腔,梧州市-万秀区,梧州市万秀区新华路与工厂一路交叉口西20米路北,,
梧州市,粤桂时代口腔(工厂一路店),梧州市-万秀区,广西壮族自治区梧州市万秀区工厂一路山地里东巷88号二层商业,,
芜湖市,友诚口腔门诊部,芜湖市-湾沚区,安徽省芜湖市湾沚区新芜1912一号楼1-2层（公交车站旁）,,
芜湖市,江城口腔(弋江区分公司),芜湖市-弋江区,安徽省芜湖市弋江区中南街道江岸明珠18＃楼01一楼,,
芜湖市,江城口腔(镜湖区总公司),芜湖市-镜湖区,安徽省芜湖市镜湖区广玉兰花园6号楼01,,
芜湖市,江城口腔(鸠江区分公司),芜湖市-鸠江区,安徽省芜湖市鸠江区伟星公园大道7-01配套公共用房,,
芜湖市,美臣口腔(中山南路院),芜湖市-弋江区,安徽省芜湖市弋江区中南街道长江长现代城42#楼01、02,,
芜湖市,美臣口腔(九华中路院),芜湖市-镜湖区,安徽省芜湖市镜湖区安徽省芜湖市镜湖区九华山路143号,,
芜湖市,美臣口腔(信达店),芜湖市-镜湖区,安徽省芜湖市镜湖区安徽省芜湖市镜湖区信达大厦三楼西南,,
芜湖市,美臣口腔(南陵店),芜湖市-南陵县,安徽省芜湖市南陵县籍山镇金色水岸A1幢1号商铺,,
芜湖市,美臣口腔(环城西路店),芜湖市-未知区域,安徽省芜湖市无为市安徽省芜湖市无为市无城镇九洲花园东1幢A1、B1、A2、B2号商铺,,
芜湖市,美臣口腔连锁(中山北路店),芜湖市-镜湖区,安徽省芜湖市镜湖区中山北路28号,,
芜湖市,芜湖伊莱美口腔医院,芜湖市-镜湖区,安徽省芜湖市镜湖区文化路19-7号,,
芜湖市,阳光口腔门诊部,芜湖市-弋江区,安徽省芜湖市弋江区潽港街道中央城1#楼106号,,
武汉市,中山口腔(万隆广场店),武汉市-武昌区,湖北省武汉市武昌区涂家沟特1号1层,,
武汉市,中山口腔(大东门总院),武汉市-武昌区,湖北省武汉市武昌区中山路394号大东门,,
武汉市,中山口腔(未来城店),武汉市-洪山区,湖北省武汉市洪山区白沙洲大道与白沙三路交汇处白沙未来城4号楼一层商铺1、2a，二层商铺2b、3b、48b、49b,,
武汉市,中山口腔(白沙洲烽火店),武汉市-洪山区,湖北省武汉市洪山区白沙大道烽火村1-1号,,
武汉市,中山口腔(首义店),武汉市-武昌区,湖北省武汉市武昌区张之洞路234号,,
武汉市,中山口腔（万隆广场店）,武汉市-武昌区,武汉市武昌区涂家沟特1号1层,,
武汉市,中山口腔（大东门总院）,武汉市-未知区域,中山路394号大东门,,
武汉市,中山口腔（未来城店）,武汉市-未知区域,白沙洲大道与白沙三路交汇处白沙未来城4号楼一层商铺1、2a，二层商铺2b、3b、48b、49b,,
武汉市,中山口腔（白沙洲烽火店）,武汉市-未知区域,白沙大道烽火村1-1号,,
武汉市,中山口腔（首义店）,武汉市-未知区域,张之洞路234号,,
武汉市,咿呀口腔(光谷店),武汉市-洪山区,湖北省武汉市洪山区关山大道218号保利花园C单元1层22号,,
武汉市,咿呀口腔(徐东店),武汉市-洪山区,湖北省武汉市洪山区和平乡武青三干道千禧名苑1幢4层,,
武汉市,咿呀口腔(徐东店),武汉市-洪山区,湖北省武汉市洪山区和平乡武青三干道528号千禧名苑1栋4层,,
武汉市,咿呀口腔(王家湾店),武汉市-汉阳区,湖北省武汉市汉阳区汉阳大道778号玫瑰新苑1栋1层1E室，3层G2室、G3室、G4室,,
武汉市,咿呀口腔(白沙洲店),武汉市-武昌区,湖北省武汉市武昌区丰收村特1号郁馨花园一期第1幢1单元2层1号,,
武汉市,咿呀口腔(虎泉店),武汉市-洪山区,湖北省武汉市洪山区卓刀泉南路45号恒源卓悦假日1栋2层B室,,
武汉市,咿呀口腔(赵家条店),武汉市-江岸区,湖北省武汉市江岸区统建大江园北苑10栋1-2层5室,,
武汉市,咿呀口腔(青年路店),武汉市-江汉区,湖北省武汉市江汉区航空路电业新村一期5栋1、2层1室4号,,
武汉市,咿呀口腔医院(武汉总院),武汉市-武昌区,湖北省武汉市武昌区杨园街和平大道729号1F001、2F001、3F001,,
武汉市,固瑞齿科(壹方分院),武汉市-江岸区,武汉市江岸区中山大道1515号四层商13A室,,
武汉市,固瑞齿科(恒隆分院),武汉市-硚口区,武汉市硚口区京汉大道668号恒隆广场L520A,,
武汉市,固瑞齿科(经开永旺分院),武汉市-济技术开发区,武汉经济技术开发区江城大道永旺梦乐城1层NO.A105,,
武汉市,固瑞齿科(群光分院),武汉市-洪山区,湖北省武汉市洪山区珞喻路6号群光广场2馆4楼固瑞齿科群光店,,
武汉市,固瑞齿科(金地分院),武汉市-洪山区,洪山区仁和路团结大道1335路武汉金地广场二楼L2031号,,
武汉市,御牙康口腔门诊部(武车路店),武汉市-武昌区,武汉市武昌区徐家棚街道武车路美成清芷园8号商铺（友谊大道口）,,
武汉市,晶美口腔(三阳路店),武汉市-江岸区,武汉市江岸区球场街道三阳路与解放南路交叉口融科天城4期6号商铺,,
武汉市,武昌精诚口腔,武汉市-武昌区,武汉市武昌区首义路街道静安路凯旋名邸9-10-3号(静安路与南安街交叉口),,
武汉市,武汉市洪山晶美口腔,武汉市-洪山区,武汉市洪山区华中科技大学东校区校门外17、18号门店,,
武汉市,武汉市洪山晶美口腔,武汉市-洪山区,湖北省武汉市洪山区华中科技大学东校区校门外17、18号门店,,
武汉市,武汉晶美澜诺(香港路)口腔门诊,武汉市-江汉区,湖北省武汉市江汉区香港路193号中华城A写字楼栋/单元40层,,
武汉市,武汉晶美澜诺（香港路）口腔门诊,武汉市-江汉区,武汉市江汉区香港路193号中华城A写字楼栋/单元40层,,
武汉市,武汉立康口腔(民族店),武汉市-江夏区,湖北省武汉市江夏区民族大道东山头云顶居5号商铺,,
武汉市,武汉马泷呈承口腔门诊部,武汉市-武昌区,湖北省武汉市武昌区和平大道619号武昌万象城八楼,,
武汉市,武汉马泷呈承口腔门诊部(武汉武昌万象城诊所),武汉市-武昌区,武汉市武昌区徐家棚街道武昌万象城8楼L8001商铺,,
武汉市,武汉齿悦口腔门诊部(王家湾院区),武汉市-汉阳区,武汉市汉阳区汉阳大道726号新建数码港及汽车用品市场4层7商室01、02号商铺,,
武汉市,汉阳为德口腔诊所,武汉市-汉阳区,武汉市汉阳区汉阳大道143号1号楼2层,,
武汉市,津岷口腔,武汉市-武昌区,武汉市武昌区徐家棚街道徐家棚街武车一村时尚馨都1-2层1号二层,,
武汉市,清华阳光口腔(四新分院),武汉市-汉阳区,武汉市汉阳区博大星光天地项目A3地块第1幢1层（2)、(3)、(4)、(5)商号,,
武汉市,清华阳光口腔(岳家嘴分院),武汉市-洪山区,湖北省武汉市洪山区和平街欢乐大道46号岳家嘴小区职工住宅楼临街商铺1层5号(地铁4号线铁机路站B出口前行100米),,
武汉市,清华阳光口腔(百步亭分院),武汉市-江岸区,湖北省武汉市江岸区花园路14号城市便捷酒店旁,,
武汉市,清华阳光口腔医院(东西湖院区),武汉市-未知区域,武汉市东西湖二雅路198号天合新界B地块第5幢1-3层商1号房,,
武汉市,清华阳光口腔医院(大智路分院),武汉市-江岸区,武汉市江岸区球场街解放南路168号融科天城一期T8栋1层商23A室、2层商80室、81室、82室,,
武汉市,清华阳光口腔医院(常青分院),武汉市-江汉区,武汉市江汉区贺家墩村福星惠誉福星城第4幢2单元1-2层1号、1层2号,,
武汉市,清华阳光口腔医院(汉阳总院),武汉市-未知区域,汉阳大道630号罗七路口武汉美维清华阳光口腔医院,,
武汉市,清华阳光口腔医院(鲁巷分院),武汉市-洪山区,洪山区民院路38号龙安·港汇城1层，在交通银行与威兰登酒店中间。,,
武汉市,清华阳光鹿童齿科(后湖分院),武汉市-江岸区,武汉市江岸区后湖乡新益村统建·同安家园五期第59、60栋11#商铺,,
武汉市,禧雅齿科·矫牙·植牙门诊(创新天地店),武汉市-东湖新技术开发区,武汉市东湖新技术开发区光谷六路88号创新天地商业公园B1层05-07a商铺,,
武汉市,艺齿口腔舒适洗牙·补牙·(马房山店),武汉市-洪山区,武汉市洪山区珞南街道工大路理公馆小区商业三楼,,
武汉市,萌芽齿科(光谷K11店),武汉市-东湖新技术开发区,武汉市东湖新技术开发区关山大道353号光谷新世界K11购物中心后街艺术村1层,,
武汉市,萌芽齿科(光谷时代广场店),武汉市-东湖高新技术开发区,武汉市东湖高新技术开发区关山大道111号武汉光谷国际商务中心光谷时代广场A座2F,,
武汉市,萌芽齿科(国广店),武汉市-江汉区,武汉市江汉区解放大道690号武商国际广场C区6F,,
武汉市,萌芽齿科(武广店),武汉市-江汉区,武汉市江汉区解放大道688号武商广场8F,,
武汉市,萌芽齿科(武汉万象城店),武汉市-江岸区,武汉市江岸区建设大道668号华润万象城W610商铺,,
武汉市,萌芽齿科(泛海CBD店),武汉市-江汉区,武汉市江汉区中央商务区云彩路196号泛海城市广场二期购物中心四层A-L4-1号商铺,,
武汉市,达尔文口腔(光谷天地沃尔玛)店),武汉市-东西湖区,湖北省武汉市东西湖区东湖新技术开发区关山大道光谷天地一期沃尔玛二楼入口（九土名烟旁）,,
武汉市,达尔文口腔(大悦城店),武汉市-东西湖区,湖北省武汉市东西湖区东湖新技术开发区高新大道718号武汉大悦城购物中心4楼（椰岛旁）,,
武汉市,达尔文口腔(武大园店),武汉市-东西湖区,湖北省武汉市东西湖区东湖新技术开发区武大园二路文藏楼一层102号（武大口腔斜对面）,,
武汉市,达尔文口腔·矫牙·植牙门诊(万科城市花园店),武汉市-江夏区,武汉市江夏区佛祖岭街道东湖新技术开发区武大园二路文藏楼一层102号(武大口腔斜对面),,
武汉市,达尔文口腔·矫牙·植牙门诊(光谷天地沃尔玛店),武汉市-洪山区,武汉市洪山区关东街道关山大道光谷天地一期沃尔玛二楼入口(九土名烟旁),,
武汉市,达尔文口腔·矫牙·植牙门诊(大悦城店),武汉市-洪山区,武汉市洪山区九峰街道高新大道718号武汉大悦城购物中心4楼(椰岛旁),,
武汉市,达尔文口腔·矫牙·植牙门诊(江夏永旺店),武汉市-江夏区,武汉市江夏区武汉江夏经济开发区大桥现代产业园文化大道199号永旺梦乐城一楼8号门旁,,
武汉市,达尔文禧雅齿科(创新天地店),武汉市-东西湖区,湖北省武汉市东西湖区东湖新技术开发区光谷六路88号创新天地商业公园B1层05-07a商铺（负一楼A电梯口旁）,,
无锡市,佳士洁口腔(欧风机构),无锡市-梁溪区,江苏省无锡市梁溪区中山路823、825号,,
无锡市,佳士洁口腔(清扬机构),无锡市-梁溪区,"江苏省无锡市梁溪区清扬路97-3号(太湖广场对面,地铁1号线3号出口)",,
无锡市,佳士洁口腔医院(新区哥伦布广场),无锡市-新吴区,江苏省无锡市新吴区长江北路280号新区哥伦布广场,,
无锡市,华齿口腔(荆溪中路店),无锡市-未知区域,无锡市宜兴市宜城街道荆溪中路174，176号（水浮桥站台）,,
无锡市,好丫医口腔连锁,无锡市-锡山区,无锡市锡山区安镇街道兴越路17-19号(天一实验学校南面),,
无锡市,宜兴华齿口腔门诊部,无锡市-未知区域,江苏省宜兴市宜城街道荆溪中路174江苏、176号,,
无锡市,江阴佳仕洁口腔,无锡市-未知区域,江苏省无锡市江阴市人民中路170号,,
无锡市,牙博士江阴机构,无锡市-未知区域,江阴市澄江街道虹桥北路111号,,
无锡市,瑞泰(惠山通善口腔门诊部),无锡市-惠山区,江苏省无锡市惠山区政和大道258号,,
无锡市,瑞泰(无锡东亭通善口腔门诊部),无锡市-锡山区,江苏省无锡市锡山区华夏中路文华国际3-1,,
无锡市,瑞泰(无锡学前街瑞泰通善口腔医院),无锡市-梁溪区,江苏省无锡市梁溪区学前街5、5-2A,,
无锡市,瑞泰(无锡港下通善口腔门诊部),无锡市-锡山区,江苏省无锡市锡山区东港镇红豆万花城120号,,
无锡市,瑞泰(江阴美嘉欣口腔门诊部),无锡市-未知区域,江苏省无锡市江阴市延陵路608号,,
无锡市,维乐口腔(万达门诊惠山店),无锡市-惠山区,无锡市惠山区惠山万达商业广场26号,,
无锡市,维乐口腔(新吴门诊新区店),无锡市-新吴区,"无锡市新吴区长江北路 28-3,28-5,28-6,28-7",,
无锡市,维乐口腔(梁溪门诊扬名店),无锡市-梁溪区,无锡市梁溪区扬名街道南湖大道423，425，427号,,
无锡市,维乐口腔(滨湖门诊湖滨店),无锡市-滨湖区,无锡市滨湖区湖滨街8-161、259号,,
无锡市,维乐口腔(滨湖门诊湖滨店),无锡市-滨湖区,无锡市滨湖区蠡湖街道湖滨商业街8-161号,,
无锡市,维乐口腔(锡山门诊东亭店),无锡市-锡山区,无锡市锡山区东亭友谊南路 2-1 号,,
无锡市,齐美矫正(海岸城店),无锡市-滨湖区,无锡市滨湖区南蒋路与立信大道交叉路口玉兰花园西三区51-3、4,,
乌兰察布市,乌兰察布市集宁区少伟口腔门诊部,乌兰察布市-集宁区,内蒙古自治区乌兰察布市集宁区民建路理想之城15号楼底商,,
乌兰察布市,大齿口腔(商都县),乌兰察布市-商都县,内蒙古自治区乌兰察布市商都县七台大街与新风中路交叉口正西方向67米左右,,
乌海市,乌海第一口腔医院,乌海市-海勃湾区,内蒙古自治区乌海市海勃湾区海拉北路万禾嘉园住宅外围,,
威海市,威海唯奥深蓝威高广场口腔门诊部,威海市-环翠区,山东省威海市环翠区威高广场迪尚大厦四楼,,
威海市,德韩口腔(环翠分店),威海市-环翠区,威海市环翠区统一路21号,,
威海市,德韩口腔(经区店),威海市-经区,威海市经区青岛中路151-8-9,,
威海市,德韩口腔(高区店),威海市-未知区域,威海市沈阳路127号一楼东侧,,
威海市,玉朝口腔,威海市-环翠区,山东省威海市环翠区世昌大道122-7,,
乌鲁木齐市,兔博士口腔乌鲁木齐分院,乌鲁木齐市-水磨沟区,新疆乌鲁木齐市水磨沟区南湖南路182号,,
乌鲁木齐市,兔博士口腔(南湖路门诊部),乌鲁木齐市-水磨沟区,新疆维吾尔自治区乌鲁木齐市水磨沟区南湖南路182号1栋2-3层,,
乌鲁木齐市,君健口腔门诊部,乌鲁木齐市-沙依巴克区,新疆维吾尔自治区乌鲁木齐市沙依巴克区扬子江路188号综合办公楼1栋3层,,
潍坊市,中科牙谷口腔医院(奎文院),潍坊市-奎文区,山东省潍坊市奎文区广文街道文化路1956号虞景嘉园一号商业楼,,
潍坊市,中科牙谷口腔医院(高新院),潍坊市-高新区,山东省潍坊市高新区新城街道富华社区福寿东街4950号铭海花园小区西区门口东边4号商铺,,
潍坊市,寿光郑氏口腔医院,潍坊市-未知区域,山东省潍坊市寿光市建新街与学院路交叉口东北角,,
潍坊市,山东唯尔口腔有限公司潍城口腔诊所,潍坊市-潍城区,山东省潍坊市潍城区怡园路与卧龙西街交汇处十里春风街区2号楼201,,
潍坊市,岳氏口腔医院,潍坊市-未知区域,山东省潍坊市安丘市建安路御景园西门沿街,,
潍坊市,岳氏牙科门诊部,潍坊市-未知区域,山东省潍坊市安丘市向阳路机关幼儿园斜对面,,
潍坊市,潍坊奎文贝恩口腔门诊部,潍坊市-奎文区,山东省潍坊市奎文区福寿东街6565号荣祥花园2号楼,,
潍坊市,郑氏口腔医院化龙口腔诊所,潍坊市-未知区域,山东省潍坊市寿光市南柴商业街中段诚信家具对面,,
潍坊市,郑氏口腔医院潍城口腔门诊部,潍坊市-潍城区,山东省潍坊市潍城区北关街道华泰幼儿园南门北100米,,
潍坊市,郑氏口腔门诊部(胡营店),潍坊市-未知区域,山东省潍坊市寿光市孙家集街道渤海南路宏远钢构对面,,
潍坊市,钻石口腔(文化路店),潍坊市-奎文区,山东省潍坊市奎文区广文民生东街198号帝景苑17号楼05-06号,,
潍坊市,钻石口腔(樱前街店),潍坊市-奎文区,山东省潍坊市奎文区樱前街九龙园小区商铺,,
文山壮族苗族自治州市,华美口腔(砚山店),文山壮族苗族自治州市-文山壮族苗族自治州砚山县,云南省文山壮族苗族自治州砚山县江那镇砚山七都国际广场三楼D区二楼 D2-01、02、03,,
文山壮族苗族自治州市,文山文呈一吉祥口腔门诊部,文山壮族苗族自治州市-卧龙街道七花社区,云南省文山壮族苗族自治州文山市卧龙街道七花社区龙海路305号,,
渭南市,兔博士口腔临渭分院,渭南市-临渭区,渭南市临渭区西四路与朝阳大街十字东北角渭南小学西邻,,
渭南市,兔博士口腔大荔分院,渭南市-大荔县,渭南市大荔县东城街道北环路41号,,
渭南市,兔博士口腔富平分院,渭南市-富平县,渭南市富平县杜村镇莲湖大街东段老实人超市对面,,
渭南市,兔博士口腔渭南分院,渭南市-临渭区,渭南市临渭区信达·篮球场北50米,,
渭南市,兔博士口腔蒲城分院,渭南市-蒲城县,渭南市蒲城县迎宾路南段 109号,,
渭南市,临渭牙小萌口腔门诊部,渭南市-临渭区,渭南市临渭区杜桥街道三贤路信达美墅西门s201,,
渭南市,增寿口腔(大荔县店),渭南市-大荔县,渭南市大荔县西城街道西二环西苑茗居小区(西新街东段)西南侧约60米,,
渭南市,奈斯口腔连锁(蒲城分院),渭南市-蒲城县,渭南市蒲城县奉先街道红旗路西段阳光超市西200米,,
渭南市,民院口腔门诊,渭南市-大荔县,渭南市大荔县西城街道文化馆东南门旁,,
渭南市,渭南高新雅益口腔门诊部,渭南市-临渭区,渭南市临渭区崇业路街道锦绣苑北门向东100米路南,,
温州市,永嘉牙博士口腔门诊部有限公司,温州市-永嘉县,浙江省温州市永嘉县瓯北街道龙桥村王府大厦(大酒店202室),,
温州市,温州市牙博士口腔医院有限公司,温州市-鹿城区,温州市鹿城区新城大道正茂大厦C、D幢103室、二层及三层部分,,
温州市,温州市鹿城牙博士口腔门诊部有限公司,温州市-鹿城区,浙江省温州市鹿城区大南街道大南路华都大厦103室、104室、201室,,
温州市,温州牙科医院(瑞安分院),温州市-未知区域,温州市瑞安市万松东路66-1号（万松宾馆旁）,,
温州市,温州鹿城青藤口腔门诊部,温州市-未知区域,温州市百里西路复兴大厦10、12幢104-1室14-17号,,
温州市,爱牙故事口腔品牌连锁(大学城机构),温州市-瓯海区,浙江省温州市瓯海区茶山街道茶山村卧龙路552-570号二楼,,
温州市,爱牙故事口腔品牌连锁(巴黎大厦机构),温州市-鹿城区,浙江省温州市鹿城区小南路巴黎大厦一层（南首）102室,,
温州市,美博口腔门诊部,温州市-瓯海区,浙江省温州市瓯海区娄桥街道中汇路鑫汇紫园1、2、4幢136室西首1-3间,,
宣城市,大医口腔医院泾县门诊部,宣城市-未知区域,泾川大道318号,,
宣城市,宣城大医口腔医院,宣城市-宣州区,安徽省宣城市宣州区响山路2号,,
宣城市,宣城宛陵口腔(城东店),宣城市-宣州区,安徽省宣城市宣州区华夏湖畔御苑30-2号,,
宣城市,宣城宛陵口腔(香江金郡店),宣城市-宣州区,安徽省宣城市宣州区梅园路与景德路交界香江金郡039号,,
宣城市,宣城市口腔医院,宣城市-宣州区,安徽省宣城市宣州区锦城北路60号,,
宣城市,新晨口腔诊所,宣城市-绩溪县,安徽省宣城市绩溪县龙川大道与会山路交叉口东南60米（新城景苑）,,
宣城市,现代佳美口腔门诊部,宣城市-绩溪县,安徽省宣城市绩溪县华阳镇绩溪县汽车站,,
宣城市,郎溪牙天使口腔,宣城市-郎溪县,安徽省宣城市郎溪县国购正对面亚太金街115号,,
厦门市,仁御口腔精细化诊疗中心(湖里分院),厦门市-由贸易试验区,中国（福建）自由贸易试验区厦门片区殿前一路289号高殿大厦一楼大堂,,
厦门市,仁御口腔精细化诊疗中心(集美分院),厦门市-集美区,厦门市集美区查北六里82号101单元,,
厦门市,厦门同安小贝壳口腔,厦门市-同安区,福建省厦门市同安区南门路110号,,
厦门市,厦门同安牙天使口腔,厦门市-同安区,福建省厦门市同安区祥平街道西桥路72号 （陆丰公交站）,,
厦门市,厦门思明牙天使口腔,厦门市-思明区,福建省厦门市思明区嘉禾路168号（吕厝地铁站12号口步行290米）,,
厦门市,厦门思明齿度第四口腔门诊部有限公司,厦门市-思明区,福建省厦门市思明区厦禾路1028号,,
厦门市,厦门海沧牙天使口腔,厦门市-海沧区,福建省厦门市海沧区沧林东路85号,,
厦门市,厦门湖里小贝壳口腔,厦门市-湖里区,福建省厦门市湖里区高林中路523号云玺万科里,,
厦门市,厦门湖里明山口腔门诊部,厦门市-湖里区,福建省厦门市湖里区南山路358-1号、358-2号、358-3号,,
厦门市,厦门湖里瑞齿口腔门诊部,厦门市-湖里区,福建省厦门市湖里区嘉禾路316-24号,,
厦门市,厦门湖里雅彬口腔门诊部(至十雅),厦门市-湖里区,福建省厦门市湖里区海天路55号,,
厦门市,厦门美可普天使口腔,厦门市-思明区,福建省厦门市思明区湖滨东路196号附属商业裙楼之201,,
厦门市,厦门集美牙天使口腔,厦门市-集美区,福建省厦门市集美区杏林东路45-102号（杏林文化宫公交车站）,,
厦门市,嚼力口腔(新垵店),厦门市-海沧区,福建省厦门市海沧区新景路新阳公交站后面,,
厦门市,嚼力口腔(钟林店),厦门市-海沧区,福建省厦门市海沧区钟林路12号213-219商务大厦二楼,,
厦门市,嚼力口腔(集美店),厦门市-集美区,福建省厦门市集美区宁海六里3-106号、3-107号,,
厦门市,嚼力口腔(霞阳店),厦门市-海沧区,福建省厦门市海沧区霞阳南路146号,,
厦门市,多乐儿童齿科,厦门市-湖里区,福建省厦门市湖里区仙岳路1939号123单元之8,,
厦门市,安健新口腔门诊部,厦门市-翔安区,福建省厦门市翔安区马巷街道巷东路318号101,,
厦门市,峰煜口腔数字化矫正种植中心(吕厝店),厦门市-思明区,福建省厦门市思明区吕岭路86号、88号,,
厦门市,峰煜口腔数字化矫正种植中心(文灶店),厦门市-思明区,福建省厦门市思明区文园路38号、40号,,
厦门市,康福口腔(厦门店),厦门市-思明区,福建省厦门市思明区厦禾路276号,,
厦门市,港悦齿科专业牙齿矫正,厦门市-思明区,福建省厦门市思明区环岛东路1803号厦门会展北天虹购物中心商场L5层L5-017铺,,
厦门市,祥众爱特口腔,厦门市-思明区,福建省厦门市思明区云顶中路676-768号,,
厦门市,齿小度口腔(思北店),厦门市-思明区,福建省厦门市思明区禾祥西路8号之十,,
厦门市,齿度口腔(万象城店),厦门市-思明区,福建省厦门市思明区湖滨南路270号之二,,
厦门市,齿度口腔(外图店),厦门市-思明区,福建省厦门市思明区湖滨南路633号,,
厦门市,齿度口腔(火车站店),厦门市-思明区,福建省厦门市思明区厦禾路1028号,,
厦门市,齿度口腔(镇海店),厦门市-思明区,福建省厦门市思明区新华路85号B室,,
新乡市,尤赫口腔,新乡市-牧野区,河南省新乡市牧野区胜利路中街万汇国际广场C02号,,
新乡市,怡尔口腔,新乡市-辉县,河南省新乡市辉县市辉城港湾D3号楼106号,,
新乡市,新乡牙工坊口腔,新乡市-红旗区,河南省新乡市红旗区平原路新一街大景城107商铺,,
新乡市,植得口腔(新乡院区),新乡市-红旗区,新乡市红旗区红门镇平原路366号伟业中央公园28号楼321室,,
新乡市,植得口腔新乡院区,新乡市-红旗区,河南省新乡市红旗区平原路与新二街交叉口东北角植得口腔三楼,,
新乡市,瑞柏口腔,新乡市-原阳县,河南省新乡市原阳县人民路与中兴街交叉口东北角50米,,
新乡市,益美口腔(星海分院),新乡市-红旗区,河南省新乡市红旗区人民路与牧野路交汇处星海国际二期20号楼126号商铺（107以西）,,
新乡市,长垣莱安雅口腔门诊部,新乡市-未知区域,河南省新乡市长垣市河南省新乡市长垣市卫华大道392号,,
许昌市,华大口腔,许昌市-魏都区,河南省许昌市魏都区古槐街与西大街交口西南角177号,,
许昌市,植得口腔(许昌院区),许昌市-魏都区,河南省许昌市魏都区文峰街道文峰路枫丹白露小区1幢北起1-2层第3间,,
许昌市,植得口腔许昌院区,许昌市-魏都区,河南省许昌市魏都区七一路与文峰路交叉口植得口腔,,
许昌市,禹州市博大口腔门诊部,许昌市-未知区域,河南省许昌市禹州市颍川街道建设路与府东路交叉口西北角1楼,,
许昌市,禹州市赛尔博大口腔门诊部,许昌市-未知区域,河南省许昌市禹州市夏都街道滨河大道中段423号,,
许昌市,禹州陈氏口腔(一店),许昌市-未知区域,河南省许昌市禹州市钧台街道钧州大街中心医院北200米路西1048号,,
许昌市,禹州陈氏口腔(二店),许昌市-未知区域,河南省许昌市禹州市建设路与柏山路交叉口西南角,,
许昌市,许昌赛尔口腔(建设路店),许昌市-魏都区,河南省许昌市魏都区建设路与古槐街交叉口27号原机械电子大厦1-2楼,,
许昌市,鄢陵安雅口腔门诊部,许昌市-鄢陵县,河南省许昌市鄢陵县花都大道与翠柳路交汇处南30米路西,,
许昌市,钻叶口腔(万达店),许昌市-魏都区,河南省许昌市魏都区魏文路莲城大道东北角,,
许昌市,钻叶口腔(天使城店),许昌市-魏都区,河南省许昌市魏都区许都广场西金石国际二楼,,
许昌市,钻叶口腔(文峰店),许昌市-魏都区,河南省许昌市魏都区许昌市前进路和文峰广场路口东南角,,
许昌市,钻叶口腔(芙蓉湖店),许昌市-建安区,河南省许昌市建安区魏文路与宏腾路口向东50米路南,,
许昌市,钻叶口腔(长葛店),许昌市-泰山路盛和国际花园小区,河南省许昌市长葛市泰山路盛和国际花园小区南门,,
许昌市,长葛安雅口腔门诊部,许昌市-未知区域,河南省许昌市长葛市解放路与铁东路交叉口路北,,
信阳市,伢牙齿科(平桥平西路店),信阳市-平桥区,河南省信阳市平桥区平桥街道平西大街502号门面房,,
信阳市,伢牙齿科(浉河体彩店),信阳市-浉河区,河南省信阳市浉河区五里墩街道北京路金杯小区111、211号,,
信阳市,伢牙齿科(百花沁园店),信阳市-平桥区,河南省信阳市平桥区羊山新区新六大街长虹花园9号楼101号,,
信阳市,伢牙齿科(羊山恒大店),信阳市-平桥区,河南省信阳市平桥区新七大道恒大名都一期北门三号楼,,
信阳市,伢牙齿科(羊山政和店),信阳市-平桥区,河南省信阳市平桥区羊山新区新五大道政和花园C区35号楼1层114号,,
信阳市,信阳众大口腔门诊部,信阳市-浉河区,河南省信阳市浉河区浉河区礼节路新华书店正对面,,
信阳市,信阳众大汇口腔门诊部,信阳市-浉河区,河南省信阳市浉河区浉河区人民路张李湾商住其士公交站旁,,
信阳市,信阳合众京州口腔医院,信阳市-狮河区,河南省信阳市狮河区工区路464号,,
信阳市,李丹口腔诊所,信阳市-平桥区,河南省信阳市平桥区行政路双汇欧洲故事一期门面房,,
信阳市,植得口腔(信阳院区),信阳市-浉河区,信阳市浉河区东方红大道凤凰新世界金龙大厦商铺109、209、309,,
信阳市,植得口腔信阳院区,信阳市-浉河区,河南省信阳市浉河区东方红大道和美广场对面植得口腔,,
信阳市,浉河小象口腔诊所,信阳市-浉河区,河南省信阳市浉河区老城街道建设路柳堤春晓苑4号楼107号,,
信阳市,理想口腔门诊部,信阳市-淮滨县,河南省信阳市淮滨县滨湖街道办事处朝阳街奥斯卡购物中心西60米路北196号,,
邢台市,予恩口腔,邢台市-任泽区,河北省邢台市任泽区通济路天广幸福里底商A座101铺,,
邢台市,博瀚口腔诊所,邢台市-襄都区,邢台市襄都区丝绸路公园小筑家园,,
邢台市,爱雅口腔,邢台市-信都区,河北省邢台市信都区团结西路爱上街3号楼底商11#12#商铺,,
邢台市,翎雅口腔,邢台市-襄都区,邢台市襄都区祝村镇中兴绿谷商业区6号楼底商,,
邢台市,邢台博尚口腔,邢台市-信都区,河北省邢台市信都区泉西街道永祥街住南大汪A区7号楼底商28号,,
咸宁市,唯乐口腔,咸宁市-未知区域,湖北省咸宁市赤壁市陆水湖大道新街口商业街2楼B1-201号(民政局对面),,
咸宁市,牙舒乐口腔,咸宁市-咸安区,"咸宁市咸安区浮山街道长江产业园内(天洁国际城-雅典城)45幢1层S-04号,2层G201-206号",,
襄阳市,号尔口腔(万达店),襄阳市-樊城区,襄阳市樊城区王寨街道万达广场9栋901（金街万达路75号）,,
襄阳市,号尔口腔(南街店),襄阳市-襄城区,襄阳市襄城区古城街道南街门诊襄城区南街62号(南街浦发银行二楼),,
襄阳市,号尔口腔(长虹店),襄阳市-樊城区,襄阳市樊城区汉江街道长虹路29号（长虹路交松鹤路口）,,
襄阳市,咿呀口腔(谷城店),襄阳市-谷城县,湖北省襄阳市谷城县城关镇粉阳路综合楼1幢2楼及一楼门面,,
襄阳市,咿呀口腔(长征路店),襄阳市-樊城区,湖北省襄阳市樊城区屏襄门街道长征路34号,,
襄阳市,新德芽口腔(万达店),襄阳市-樊城区,襄阳市樊城区高新区紫贞街道长虹北路20-7,,
襄阳市,牙管家口腔,襄阳市-谷城县,襄阳市谷城县城关镇沿河路君山水岸商铺2号楼104号,,
襄阳市,珍爱口腔,襄阳市-樊城区,襄阳市樊城区屏襄门街道丹江路九街十八巷江悦D区5幢2层5-2-024号,,
襄阳市,瑞尔口腔(解放路店),襄阳市-樊城区,襄阳市樊城区屏襄门街道解放路414号城馨嘉园·襄遇(底商),,
襄阳市,金言口腔(东津门诊部),襄阳市-襄州区,襄阳市襄州区六两河街道劲松路东津世纪城40栋102号,,
襄阳市,金言口腔门诊(南漳店),襄阳市-南漳县,襄阳市南漳县城关镇凤凰大道新城悦隽1幢1单元,,
孝感市,中健口腔,孝感市-孝南区,孝感市孝南区孝感开发区槐荫办事处西杨二路与东李咀路交叉口东80米,,
孝感市,南卧口腔,孝感市-孝南区,"孝感市孝南区新华街道长征南路东侧乾坤新城H区4幢1层0115-0116,2层0209室内",,
孝感市,咿呀口腔(云梦医院店),孝感市-云梦县,湖北省云梦县珍珠坡路2-3号,,
孝感市,咿呀口腔(城东店),孝感市-云梦县,湖北省云梦县城关镇建设东路隆盛华府璟苑2号,,
孝感市,咿呀口腔(城西店),孝感市-云梦县,湖北省云梦县城关镇建设路茂源小区62号,,
孝感市,咿呀口腔(安业店),孝感市-未知区域,湖北省孝感市乾坤大道19号安国大厦安业假日酒店一、二楼,,
孝感市,志炜口腔门诊部,孝感市-孝南区,孝感市孝南区书院街道解放街天厦商城三号楼,,
湘西土家族苗族自治州市,湘西口腔医院八月楼总院,湘西土家族苗族自治州市-未知区域,湘西土家族苗族自治州吉首市镇溪街道人民北路42号(市公安局对面),,
徐州市,徐州丰县永远口腔门诊部,徐州市-丰县,徐州市丰县凤鸣金街B区B7幢1单元105号,,
徐州市,徐州壹捌口腔,徐州市-泉山区,徐州市泉山区翟山街道南三环路27号晴朗谷广场2号楼1-101、1-202,,
徐州市,徐州沛县牙管家口腔,徐州市-沛县,徐州市沛县风和雅苑小区19号楼1单元212室,,
徐州市,徐州鼎植口腔医院·二级口腔医院,徐州市-云龙区,徐州市云龙区翠屏山街道和平大道尚仕名邸(D地块)D2、D3、D5商业裙房号楼3-101,,
徐州市,泉山齿道口腔门诊部,徐州市-泉山区,徐州市泉山区翟山街道欣欣路恒大滨河绿洲花园5号楼门面房108205商铺,,
徐州市,诺恩口腔第四院区(沛县分院店),徐州市-沛县,徐州市沛县汉源街道汉城路西侧御景龙湾4号楼1单元001-008室,,
新余市,新奥口腔,新余市-渝水区,江西省新余市渝水区城北长林南路康乐新村20栋202室（自主承诺,,
湘潭市,博恩口腔（纱厂正街店）,湘潭市-岳塘区,湘潭市岳塘区五里堆街道学坪村7栋1楼2号门面,,
湘潭市,唯雅口腔医院种植矫正中心,湘潭市-岳塘区,湘潭市岳塘区宝塔街道河东大道39号日晟花园小高层0302002号,,
湘潭市,唯雅口腔（易俗河店）,湘潭市-湘潭县,湘潭市湘潭县易俗河镇大鹏中路418号金铃大厦2楼,,
湘潭市,湘潭牙德士口腔医院,湘潭市-岳塘区,湘潭市岳塘区宝塔街道芙蓉大道259号,,
锡林郭勒盟市,俊彪口腔门诊部,锡林郭勒盟市-内蒙古自治区,内蒙古自治区锡林郭勒盟市锡林浩特市锡林大街285号商铺（三中对面）,,
锡林郭勒盟市,雅美口腔,锡林郭勒盟市-希办新华街塞上源小区,内蒙古自治区锡林郭勒盟锡林浩特市希办新华街塞上源小区2号楼109号商铺,,
兴安盟市,乌兰浩特舒悦口腔门诊部,兴安盟市-内蒙古自治区,内蒙古自治区兴安盟乌兰浩特市都林街铁西北大路金泽时代广场6号商业楼6-17号门市,,
兴安盟市,刘三川口腔,兴安盟市-内蒙古自治区,内蒙古自治区兴安盟乌兰浩特市兴安街道北方弘博苑2号商住楼6号门市3-22-452-6,,
兴安盟市,祝佩文口腔,兴安盟市-都林街道德润家园小区,内蒙古自治区兴安盟乌兰浩特市都林街道德润家园小区G1号商业楼1号门市,,
西宁市,非凡口腔(城中店),西宁市-城中区,青海省西宁市城中区长江路53号非凡口腔(城中店),,
西宁市,非凡口腔(海湖店),西宁市-城西区,青海省西宁市城西区五四西路85号11号楼1层85-79号,,
忻州市,原平增寿口腔,忻州市-未知区域,山西省忻州市原平市永康北路政务大厅南,,
忻州市,国邦口腔,忻州市-忻府区,忻州市忻府区长征街街道和平西街与通岗南路交叉口国力五期2号楼1-2层,,
忻州市,增寿口腔(京原分院),忻州市-未知区域,忻州市原平市南城街道京原南路阳光佳苑东南门180米,,
忻州市,增寿口腔(吉祥分院),忻州市-未知区域,忻州市原平市吉祥街道吉祥花园高2号楼北50米E2号楼对面,,
忻州市,增寿口腔(泛华店),忻州市-忻府区,忻州市忻府区长征街街道花园街泛华国际公馆16.17号楼2单元007号,,
忻州市,增寿口腔（定襄总院）,忻州市-定襄县,山西省忻州市定襄县晋昌镇忻卓路82号,,
忻州市,增寿口腔（定襄西大街分院）,忻州市-定襄县,山西省忻州市定襄县晋昌镇盛世华城7号小区1号楼底商,,
忻州市,太原奥蕊口腔门诊管理有限公司五台台中路口腔门诊部,忻州市-五台县,山西省忻州市五台县台城镇百合佳苑小区台中路东侧小二楼15号,,
忻州市,小苹果口腔(原平店),忻州市-南城街道永康南路瑞邦北区,山西省忻州市原平市山西省忻州市原平市南城街道永康南路瑞邦北区门囗小苹果口腔,,
忻州市,小苹果口腔(定襄店),忻州市-定襄县,山西省忻州市定襄县山西省忻州市定襄县西大街盛世华城解放西街,,
忻州市,忻州和平口腔医院,忻州市-忻府区,山西省忻州市忻府区和平西街供水公司东忻州和平口腔医院,,
忻州市,曹俊凯口腔诊所,忻州市-忻府区,忻州市忻府区新建路街道温泉大街荣钰花苑南门2号门面,,
忻州市,爱芽口腔(长城大街店),忻州市-河曲县,山西省忻州市河曲县西口镇长城大街嘉福佳苑1号楼2号商铺,,
忻州市,环中口腔（原平院区）,忻州市-未知区域,忻州市原平市南城街道永康南路331号,,
忻州市,美盟大白牙戴艳口腔诊所,忻州市-朔城区,朔州市朔城区南城街道诚信博园小区11号楼14号,,
忻州市,赵振华口腔诊所,忻州市-忻麻区,山西省忻州市忻麻区长征街道气象巷盛世佳苑6号楼1号商铺,,
西安市,兔博士口腔临潼晓春分院,西安市-临潼区,西安市临潼区人民路北支线石油城30号门面房,,
西安市,兔博士口腔书香路分院,西安市-长安区,西安市长安区万科广场B座西南角1-2层（陕师大对面）,,
西安市,兔博士口腔五路口分院,西安市-新城区,西安市新城区腾悦广场一楼（地铁F口出，临街商铺）,,
西安市,兔博士口腔凤九分院,西安市-经开区,经开区明光路凤城九路白桦林居西门（4号线凤城九路站C口向南50米）,,
西安市,兔博士口腔凤六分院,西安市-未知区域,西安未央凤城六路与开元路十字东北角,,
西安市,兔博士口腔博文分院,西安市-雁塔区,西安市雁塔区高新路89号枫林绿洲云顶园商铺1层,,
西安市,兔博士口腔友谊分院,西安市-碑林区,西安市碑林区雁塔路99号华清广场5层,,
西安市,兔博士口腔吉祥分院,西安市-未知区域,吉祥路176号华润万家隔壁,,
西安市,兔博士口腔向日葵分院,西安市-莲湖区,莲湖区枣园西路地铁一号线枣园站B2口（三民村卫生所向东50米）,,
西安市,兔博士口腔咸宁分院,西安市-新城区,新城区咸宁中路122号乐宁会购物广场三层,,
西安市,兔博士口腔大兴分院,西安市-未央区,未央区朱宏路金叶新城1层临街商铺 (红庙坡驼鸟王大厦十字向西100米路北),,
西安市,兔博士口腔曲江南湖分院,西安市-未知区域,曲江池北路湖城大境天锦北门西侧,,
西安市,兔博士口腔未央分院,西安市-未央区,未央区文景路白桦林居东门（城市运动公园西门对面）,,
西安市,兔博士口腔朱雀分院,西安市-紫郡长安北区,紫郡长安北区南门口向西20米（三兴园门口）1楼商铺,,
西安市,兔博士口腔桃园分院,西安市-未知区域,桃源中路东头和银桥大道十字西北角,,
西安市,兔博士口腔正元分院,西安市-未央区,未央区太元路华远君城四幢10201室,,
西安市,兔博士口腔灞桥分院,西安市-灞桥区,西安市灞桥区长乐东路城东客运站三楼,,
西安市,兔博士口腔电子城分院,西安市-雁塔区,雁塔区丈八东路立丰城市生活广场室内五层,,
西安市,兔博士口腔科技路分院,西安市-雁塔区,雁塔区科技路与高新六路丁字路口东北角,,
西安市,兔博士口腔红旗分院,西安市-经开区,经开区凤城十路红旗路与开元路十字西北角（西航三校西校区西对面）,,
西安市,兔博士口腔美美分院,西安市-高新区,高新区高新一路7号（高新分局正东）,,
西安市,兔博士口腔翠华分院,西安市-雁塔区,西安市雁塔区翠华路与雁南一路十字西南角翰林世家4楼,,
西安市,兔博士口腔西大兔博士口腔医院第一门诊部,西安市-碑林区,西安市碑林区太白北路229号,,
西安市,兔博士口腔西影分院,西安市-未知区域,西影路东段北侧金业缇香山12幢1单元2层,,
西安市,兔博士口腔西门分院,西安市-莲湖区,西安市莲湖区西关正街167号（西安市第五医院正对面）,,
西安市,兔博士口腔辛家庙分院,西安市-浐灞生态区,浐灞生态区东二环与矿山路十字东北角悦邻荟四层,,
西安市,兔博士口腔长乐分院,西安市-碑林区,碑林区金花北路35号长乐荟（地铁3号线长乐公园站C口出）,,
西安市,兔博士口腔长安分院,西安市-长安区,长安区长安南路326号（华美十字西北角）,,
西安市,兔博士口腔长安南路分院,西安市-雁塔区,西安市雁塔区长安南路300号国际茶城1楼,,
西安市,兔博士口腔雁塔分院,西安市-雁塔区,西安市雁塔区小寨东路一号阅唐阁一至三层,,
西安市,兔博士口腔黄雁分院,西安市-碑林区,西安市碑林区友谊西路236号华豪丽晶二期03号商铺,,
西安市,兔博士口腔龙首分院,西安市-未央区,西安市未央区未央路龙首塬小区1号楼底商2层,,
西安市,瑞泰口腔太白分院,西安市-雁塔区,西安市雁塔区太白南路与科技路十字东北角，地铁三号线太白南路站D3出口,,
西安市,瑞泰口腔尔仓医院,西安市-莲湖区,西安市莲湖区报恩寺街2号小南门里靠城墙,,
西安市,瑞泰口腔高科分院,西安市-高新区,高新区团结南路高科新花园东门北侧底601-2,,
西安市,瑞泰口腔龙首分院,西安市-莲湖区,西安市莲湖区未央路与龙首南路十字东南角大明宫寓2层,,
咸阳市,兔博士口腔兴平分院,咸阳市-未知区域,兴平市金城路中段华润万家向西200米,,
咸阳市,兔博士口腔明皓分院,咸阳市-秦都区,秦都区渭滨苑世纪大道,,
咸阳市,兔博士口腔秦都分院,咸阳市-秦都区,咸阳市秦都区秦皇中路109号,,
咸阳市,秦都大头牙医口腔门诊部,咸阳市-秦都区,陕西省咸阳市秦都区秦皇北路华泰玉景台3楼,,
咸阳市,逸医口腔(杨凌店),咸阳市-杨陵区,咸阳市杨陵区李台街道安居路田园居步行街A119-223号商铺(原同一首歌),,
咸阳市,雅美皓口腔,咸阳市-秦都区,咸阳市秦都区渭阳西路街道彩虹一路龙湖彩虹郦城东门33号楼商铺1-2001-2003号,,
西双版纳傣族自治州市,西双版纳拜尔口腔医院,西双版纳傣族自治州市-未知区域,云南省西双版纳傣族自治州景洪市勐泐大道庄慕路曼弄枫村9号岔路处,,
阳江市,美牙口腔,阳江市-未知区域,阳江市江南新城乐园街51-52号一楼商铺,,
阳江市,阳江粤西口腔医院,阳江市-江城区,阳江市江城区三环路名扬国际广场商住区9幢1层至4层商铺,,
阳江市,震兴口腔(金郊店),阳江市-江城区,广东省阳江市江城区震兴口腔门诊金郊集贸市场五街62号,,
玉林市,华康口腔博白门诊部,玉林市-博白县,广西壮族自治区玉林市博白县博白镇兴民一路015号,,
玉林市,华康口腔奥园康城门诊部,玉林市-玉州区,广西壮族自治区玉林市玉州区康乐路86号奥园康城花园17栋3单元03-04商铺,,
玉林市,博白蓝天口腔门诊部,玉林市-博白县,广西壮族自治区玉林市博白县锦绣东路北部湾银行旁,,
玉林市,容县牙博士口腔,玉林市-容县,广西壮族自治区玉林市容县城南街146-3号（三小路口旁）,,
玉林市,玉林医大口腔,玉林市-玉州区,广西省玉州区玉林市人民东路136号1-8层,,
玉林市,玉林蓝天口腔医院北流门诊部,玉林市-西壮族自治区,广西壮族自治区玉林市北流市城南一路0003号金得利大厦3楼蓝天口腔,,
玉林市,玉林蓝天口腔医院江南门诊部,玉林市-玉州区,广西壮族自治区玉林市玉州区玉州区江南路228号香港城A栋201,,
玉林市,玉林蓝天口腔医院玉柴路门诊部,玉林市-玉州区,广西壮族自治区玉林市玉州区苗园路与玉柴路交叉口西南侧2楼,,
玉林市,陆川朗朗口腔门诊部,玉林市-陆川县,广西壮族自治区玉林市陆川县陆川县新洲北路与通政路交叉口（县政府对面）,,
益阳市,伢贝健口腔连锁（益阳店）,益阳市-赫山区,益阳市赫山区桃花仑街道龙洲·汇龙苑,,
岳阳市,咿呀口腔医院(南湖大道店),岳阳市-岳阳楼区,湖南省岳阳市岳阳楼区五里牌街道南湖大道292号,,
延边朝鲜族自治州市,延吉韩世口腔医院,延边朝鲜族自治州市-未知区域,吉林省延边朝鲜族自治州延吉市爱丹路359号(恒达健康广场),,
延边朝鲜族自治州市,德瓦口腔,延边朝鲜族自治州市-未知区域,吉林省延边朝鲜族自治州敦化市胜利街南湖居3号楼,,
延边朝鲜族自治州市,新茹口腔,延边朝鲜族自治州市-未知区域,吉林省延边朝鲜族自治州延吉市梨花路4567号领秀熙城第9号楼3层8号,,
宜昌市,咿呀口腔(CBD店),宜昌市-西陵区,湖北省宜昌市西陵区夷陵大道东湖一路交汇处锦绣华府2号楼000101号房,,
宜昌市,咿呀口腔(宜都店),宜昌市-未知区域,湖北省宜昌市宜都市陆城清江大道23号,,
宜昌市,咿呀口腔(水悦城店),宜昌市-高新区,湖北省宜昌市高新区城东大道18号（原深圳路16-4号）,,
宜昌市,咿呀口腔医院(宜昌总院),宜昌市-伍家岗区,湖北省宜昌市伍家岗区大公桥街道夷陵大道138号,,
宜昌市,咿呀口腔医院(当阳医院),宜昌市-未知区域,湖北省当阳市玉阳街道长坂路119号,,
宜昌市,咿呀口腔医院(远安店),宜昌市-远安县,湖北省宜昌市远安县鸣凤大道38-1号,,
宜昌市,宜昌牙管家(隆康路总院),宜昌市-未知区域,隆康路16号（隆康电信城对面）,,
宜昌市,宜昌牙管家口腔(古佛寺店),宜昌市-未知区域,四新路1-K-125号,,
扬州市,贝舒特口腔·数字化美学修复中心,扬州市-邗江区,扬州市邗江区邗上街道邗江中路525号莱福花园西门,,
鹰潭市,汪国斌牙科,鹰潭市-月湖区,鹰潭市月湖区胜利东路91号,,
鹰潭市,臻美口腔,鹰潭市-月湖区,江西省鹰潭市月湖区龙虎山大道西侧天洁紫荆花苑12栋01016-1,,
鹰潭市,贵溪市牙病防治所(雄石东路店),鹰潭市-未知区域,贵溪市雄石东路41-5,,
鹰潭市,赣东口腔医院,鹰潭市-月湖区,江西省鹰潭市月湖区中心广场人防办2号,,
营口市,世纪口腔医院,营口市-站前区,辽宁省营口市站前区光华路南34-甲41号,,
营口市,营口皓齿口腔门诊部,营口市-营口市西市区,辽宁省营口市西市区体育场南街华联天琅23-甲15-18号,,
宜春市,丰城博雅口腔,宜春市-未知区域,江西省宜春市丰城市孙渡街道盛世皇庭1栋门面,,
宜春市,康贝口腔(宜春店),宜春市-袁州区,江西省宜春市袁州区明月北路189号雅典都汇1栋2单元201室,,
宜春市,明贝口腔(大塘店),宜春市-袁州区,宜春市袁州区上高路101号大塘二期25栋附37号（承诺申报）,,
宜春市,明贝口腔(汽车西站店),宜春市-袁州区,江西省宜春市袁州区平安路28号鸿运小区7栋6号2楼办公室,,
宜春市,樟树铭致口腔门诊部,宜春市-未知区域,江西省宜春市樟树市药都路5号6号商铺铭致口腔,,
宜春市,辉荣口腔(御品滨江店),宜春市-袁州区,宜春市袁州区卢洲北路435号滨江名都8栋2层201室（承诺申报）,,
宜春市,辉荣口腔(状元洲店),宜春市-宜春袁州区,宜春袁州区中山东路103号川门下路口东门菜场旁,,
宜春市,雅乐康口腔(万载店),宜春市-万载县,江西省宜春市万载县宝塔西路2号万象城市广场四平电器旁边一楼雅乐康口腔,,
银川市,康美齿科非凡分院,银川市-金凤区,宁夏回族自治区银川市金凤区金凤区庆丰街凤台路宝湖花园北门口,,
阳泉市,世强口腔医院,阳泉市-盂县,山西省阳泉市盂县金龙东街第三实验小学东1号,,
阳泉市,小苹果口腔(阳泉店),阳泉市-城区,山西省阳泉市城区山西省阳泉市城区大连街保晋路交汇处东北角,,
阳泉市,小苹果口腔(阳泉店),阳泉市-城区,山西省阳泉市城区大连街保晋路交汇处东北角,,
阳泉市,瑞生口腔诊所,阳泉市-盂县,山西省阳泉市盂县秀水镇秀水西街（裕新苑底商西21号）,,
阳泉市,阳泉康贝齿科医院,阳泉市-郊区,山西省阳泉市郊区阳泉市经济技术开发区保晋路盛世新城底商,,
烟台市,仁爱口腔(崇文分院),烟台市-福山区,烟台市福山区崇文街92-9号（美航门市）,,
烟台市,仁爱口腔(松霞路分院),烟台市-福山区,烟台市福山区松霞路151-14号,,
烟台市,仁爱口腔(福海分院),烟台市-福山区,烟台市福山区福海路318-31，318-32号,,
烟台市,德韩口腔,烟台市-未知区域,招远市罗峰街道温泉路309号,,
烟台市,德韩口腔(万达院区),烟台市-芝罘区,烟台市芝罘区西南河路250.254号,,
烟台市,德韩口腔(大海阳院区),烟台市-芝罘区,烟台市芝罘区大海阳路95-20号,,
烟台市,德韩口腔(福山院区),烟台市-福山区,烟台市福山区福海路232号,,
烟台市,德韩口腔(莱山院区),烟台市-莱山区,烟台市莱山区迎春大街188号,,
烟台市,德韩口腔(龙口分院),烟台市-未知区域,龙口市东莱街道松涛苑商业G1G2商铺,,
烟台市,慈航口腔(芝罘湾广场店),烟台市-芝罘区,山东省烟台市芝罘区北马路172号4号商业4-3F-02铺位,,
烟台市,海阳合美口腔,烟台市-未知区域,山东省烟台市海阳市海阳路景泰皇家园63-15号,,
烟台市,烟台德韩口腔大海阳机构,烟台市-芝罘区,山东省烟台市芝罘区大海阳路95-20号,,
烟台市,蔚来口腔医院(春华口腔),烟台市-未知区域,山东省烟台市招远市金晖路253号新一中十字路口西北角,,
延安市,兔博士口腔延安分院,延安市-宝塔区,陕西省延安市宝塔区北大街264号新世纪广场5层,,
延安市,兔博士口腔延安米兰分院,延安市-宝塔区,陕西省延安市宝塔区百米大道米兰城3楼,,
运城市,临猗东升口腔诊所,运城市-临猗县,山西省运城市临猗县府西街五一广场西关幼儿园楼下,,
运城市,临猗泽华口腔,运城市-临猗县,山西省运城市临猗县府东街城关医院东100米路北,,
运城市,嘉俊360口腔,运城市-盐湖区,山西省运城市盐湖区安邑街道韩信路东方明珠A5号门面房,,
运城市,小苹果口腔(闻喜店),运城市-闻喜县,山西省运城市闻喜县山西省运城市闻喜县闻喜县公园绿城C区门口11号商铺,,
运城市,运城运中口腔,运城市-盐湖区,山西省运城市盐湖区学苑路香榭丽舍东一门1386-6号商铺,,
雅安市,茁瑞口腔(和平西路店),雅安市-雨城区,四川省雅安市雨城区和平西路133号C区221号223号,,
雅安市,雅州优诺口腔,雅安市-雨城区,四川省雅安市雨城区华兴街167号,,
雅安市,雅州名诺口腔,雅安市-名山区,四川省雅安市名山区县前街18号,,
榆林市,兔博士口腔榆林分院,榆林市-榆阳区,榆林市榆阳区金沙路泰和时代停车场出口,,
榆林市,瑞德口腔门诊部(人民西路店),榆林市-榆阳区,榆林市榆阳区崇文路街道人民西路97号(榆林烟草公司对面),,
榆林市,瑞德口腔（高新店）,榆林市-高新区,榆林市高新区明珠环路逸晟一品C-206(商铺2楼）,,
榆林市,齿E森口腔,榆林市-榆阳区,榆林市榆阳区长城路街道芹涧路御溪名城商铺178号,,
宜宾市,宜宾为笑口腔(人民路店),宜宾市-翠屏区,四川省宜宾市翠屏区人民路167、169、171号,,
宜宾市,宜宾为笑口腔(外江路店),宜宾市-叙州区,四川省宜宾市叙州区南岸西区山水庭院小区27幢1层1号,,
宜宾市,橙阳口腔门诊部,宜宾市-叙州区,"四川省宜宾市叙州区丽雅·龙璟台商业转幢1层1-B-105,1-B-106号",,
玉溪市,玉溪晶晶口腔门诊部,玉溪市-红塔区,云南省玉溪市红塔区北苑路5号,,
伊犁哈萨克自治州市,李慧口腔(万容店),伊犁哈萨克自治州市-经济合作区,新疆伊犁州伊宁市经济合作区上海路2699号万容广场商业F楼201号商铺,,
伊犁哈萨克自治州市,李慧口腔(望景华庭店),伊犁哈萨克自治州市-未知区域,新疆伊犁哈萨克自治州伊宁市解放西路225号望景华庭3号楼2-009号商钳,,
伊犁哈萨克自治州市,李慧口腔(白银谷店),伊犁哈萨克自治州市-未知区域,新疆伊犁州伊宁市新华西路12号5层501-507、510室,,
漳州市,南健口腔,漳州市-未知区域,漳州市胜利东路23-8号,,
漳州市,博恩口腔(万达院区),漳州市-芗城区,福建省漳州市芗城区九龙大道1029-2号,,
漳州市,德一口腔门诊部,漳州市-诏安县,福建省漳州市诏安县隆华广场德一口腔门诊部,,
漳州市,易看牙口腔(国贸店),漳州市-龙文区,福建省漳州市龙文区漳华东路152-3、152-4号,,
漳州市,易看牙口腔(永鸿店),漳州市-芗城区,福建省漳州市芗城区金峰中路1-30号,,
漳州市,柚十雅口腔,漳州市-龙文区,福建省漳州市龙文区长福路200-41、200-42、200-43号,,
漳州市,步文柚雅口腔,漳州市-龙文区,福建省漳州市龙文区荣桂路3-6号,,
漳州市,漳州芗城悦恩口腔门诊部,漳州市-芗城区,福建省漳州市芗城区芗城区胜利西路66-5号,,
漳州市,漳州龙海小贝壳口腔,漳州市-龙海区,福建省漳州市龙海区石码镇紫光路24-9号,,
漳州市,漳浦欣牙口腔,漳州市-漳浦县,福建省漳州市漳浦县绥安镇朝阳大道东293-3、293-4号,,
漳州市,瑞齿口腔,漳州市-芗城区,福建省漳州市芗城区腾飞路366-18号,,
漳州市,美洁口腔(漳州旗舰店),漳州市-芗城区,福建省漳州市芗城区丹霞路98-12号、98-13号、98-14号,,
漳州市,龙文景山青蛙王子爱洁丽口腔门诊部,漳州市-龙文区,福建省漳州市龙文区龙祥北路与北环城路交叉路口,,
张掖市,牙王国口腔(民乐北路门诊部),张掖市-甘州区,甘肃省张掖市甘州区新墩镇临松东街富来登温泉豪庭1号综合楼2层201铺,,
湛江市,全民口腔门诊,湛江市-霞山区,湛江市霞山区人民大道南路110号首层南边及二层,,
湛江市,湛江全民口腔门诊有限公司,湛江市-霞山区,湛江市霞山区人民大道南路110号首层南边及二层,,
湛江市,湛江市卓越口腔诊所,湛江市-赤坎区,广东省湛江市赤坎区年丰豪庭二期东门05-06号商铺,,
湛江市,湛江开发区致美泉庄口腔门诊有限公司,湛江市-湛江开发区,湛江开发区人民大道中25号馨隆居首层2A至2D商铺,,
湛江市,湛江维乐口腔门诊有限公司,湛江市-霞山区,湛江市霞山区人民大道南112号蓝海峰境广场1号楼1层01、02、03、04、05、06、07号办公室,,
湛江市,湛江致美口腔医院有限公司,湛江市-赤坎区,湛江市赤坎区百园路62号致美口腔,,
湛江市,湛江致美口腔医院有限公司万达门诊部,湛江市-湛江开发区,湛江开发区海滨大道中128号万达广场3幢一层59、60及二层17号商铺,,
湛江市,湛江致美口腔医院第一门诊部有限公司 ,湛江市-霞山区,湛江市霞山区海滨大道南43号之一金祥花园A幢商住楼（祥云阁）101号商铺,,
湛江市,湛江致美维乐口腔门诊有限公司,湛江市-赤坎区,湛江市赤坎区观海北路8号金沙湾广场1、2、3号商住楼一至四层商场内第二层编号为02-24b商铺,,
湛江市,湛江麻章致美口腔门诊有限公司,湛江市-麻章区,湛江市麻章区湛江市麻章区瑞云中路83号2-3楼（一址多照）,,
湛江市,珠江口腔医院,湛江市-开发区,湛江市开发区海滨大道南68号,,
肇庆市,肇庆中大口腔医院,肇庆市-端州区,肇庆市端州区端州六路5号,,
肇庆市,肇庆高要金利博爱医院,肇庆市-高要区,广东省肇庆市高要区金利镇金龙大道20至22号,,
肇庆市,肇庆麦芽联城口腔医院,肇庆市-端州区,广东省肇庆市端州区西江北路1号西江大厦1-3楼（维纳斯酒店旁）,,
肇庆市,麦芽联城口腔医院,肇庆市-未知区域,肇庆市西江北路1号西江大厦1-3楼,,
遵义市,京州口腔(遵义国贸店),遵义市-汇川区,贵州省遵义市汇川区南京路鸿宇商住楼1栋2层1号,,
遵义市,仁怀京州口腔门诊部,遵义市-未知区域,仁怀市盐津街道办事处太白路102号,,
遵义市,励德联合口腔门诊,遵义市-未知区域,贵州省遵义市仁怀市盐津街道国酒南路682号新景城市花园3栋1-2层,,
中山市,中山天使口腔医院(三乡院区),中山市-未知区域,广东省中山市三乡镇景观大道与沙坦路交汇十字路口处,,
中山市,中山天使口腔医院(东区总院),中山市-东区,广东省中山市东区街道起湾道与孙文东路交汇十字路口处,,
中山市,中山天使口腔医院(南朗院区),中山市-未知区域,广东省中山市南朗镇南岐中路德泰大厦2楼天使口腔医院,,
中山市,中山天使口腔医院(坦洲总院),中山市-未知区域,广东省中山市坦洲镇中澳新城景湖居D06铺(汇翠商都十字路口处),,
中山市,中山天使口腔医院(民众院区),中山市-未知区域,广东省中山市民众镇民众大道与六百六路交汇十字路口处天使口腔医院,,
中山市,中山天使口腔医院（三角院区）,中山市-未知区域,中山市三角镇金三大道中与福源南路交汇十字路口处天使口腔医院,,
中山市,中山天使口腔医院（东凤院区）【二级口腔专科医院】,中山市-未知区域,中山市东凤镇凤翔大道与东海一路交汇十字路口处,,
中山市,中山天使口腔医院（东升院区）,中山市-未知区域,中山市小榄镇东升龙昌路与同乐大街二路交汇十字路口处,,
中山市,中山天使口腔医院（古镇院区）,中山市-未知区域,中山市古镇镇中兴大道南与岐江路交汇十字路口处天使口腔医院,,
中山市,中山天使口腔医院（小榄院区）,中山市-未知区域,广东省中山市小榄镇民安中路163号民安大厦天使口腔,,
中山市,中山天使口腔医院（横栏院区）,中山市-未知区域,中山市横栏镇景帝路与顺庆一路交汇十字路口处,,
中山市,中山天使口腔医院（沙溪院区）,中山市-未知区域,中山市沙溪星宝路明珠花园3期28幢28卡,,
中山市,中山天使口腔医院（港口院区）,中山市-未知区域,广东省中山市港口镇港口大道与世纪西路交汇十字路口处,,
中山市,中山天使口腔医院（火炬开发区院区）,中山市-火炬开发区,中山市火炬开发区东镇大道与康祥路交汇十字路口处二楼天使口腔医院,,
中山市,中山天使口腔医院（西区院区）,中山市-西区,中山市西区街道富华道与翠景道十字路口交汇处天使口腔医院,,
中山市,中山好民生口腔(分院西区街道),中山市-西区,广东省中山市西区富业广场2楼,,
中山市,中山好民生口腔(总院石岐街道),中山市-石岐区,广东省中山市石岐区石岐街道民生大厦18楼整层,,
中山市,中山小榄松鼠口腔,中山市-未知区域,广东省中山市小榄镇升平东路16号,,
中山市,中山市尊上新合美口腔有限公司,中山市-东区,广东省中山市中山市东区岐关西路81号幸福天地名苑3幢36卡,,
中山市,中山暨博口腔医院,中山市-未知区域,中山市莲塘北路30号之一二楼,,
中山市,中山暨博口腔医院有限公司,中山市-石岐区,中山市石岐区莲塘北路30号之一二楼，莲塘路66号二楼,,
中山市,中山松鼠口腔三乡分院,中山市-三乡镇雅贤街2号雅居乐新城10期3区,广东省中山市三乡镇雅贤街2号雅居乐新城10期3区2栋13-16卡,,
中山市,中山松鼠口腔医院,中山市-石歧区,广东省中山市石歧区悦来南路商圈,,
中山市,中山松鼠口腔坦洲分院,中山市-未知区域,广东省中山市坦洲镇坦神北路80号2楼1-2卡,,
中山市,中山松鼠口腔开发区分院,中山市-火炬开发区,广东省中山市火炬开发区明珠路29号唯佳商业中心首层06-11卡,,
中山市,中山松鼠口腔横栏分院,中山市-未知区域,广东省中山市横栏镇顺兴南路33号金月湾6A幢31卡、32卡、33卡,,
中山市,中山松鼠口腔港口分院,中山市-港口区,广东省中山市港口区港福路2号28卡,,
中山市,中山松鼠口腔黄圃分院,中山市-未知区域,广东省中山市黄圃镇新丰北路63号蓝天金地花园32栋296卡,,
中山市,中山贝壳一家口腔门诊部,中山市-未知区域,广东省中山市中山港街道康祥路与颐岭路交叉口,,
中山市,中山贝壳口腔门诊部,中山市-东区,广东省中山市东区街道顺景花园四期西门,,
中山市,开发区天使口腔医院,中山市-未知区域,中山市中山港街道东镇大道与康祥路交汇十字路口,,
珠海市,大象口腔(映月路店),珠海市-金湾区,广东省珠海市金湾区三灶镇映月路398号（二楼）中国移动沟通100楼上,,
珠海市,德馨口腔(888街店),珠海市-香洲区,广东省珠海市香洲区翠香街道兴国街4号中立信大厦101房,,
珠海市,德馨口腔(区府店),珠海市-香洲区,广东省珠海市香洲区梅华街道人民西路17号、19号万丰新园商铺,,
珠海市,珠海仁爱口腔,珠海市-香洲区,广东省珠海市香洲区前山翠前南路199号,,
珠海市,珠海市暨博口腔医院有限公司,珠海市-香洲区,珠海市香洲区景山路89号105、106、107、108、109、201商铺,,
珠海市,珠海暨博口腔医院,珠海市-香洲区,珠海市香洲区吉大街道景山路89号城光大厦1-2楼,,
珠海市,珠海贝澳口腔,珠海市-金湾区,广东省珠海市金湾区广安路319号梅雁大厦东二层（格雅酒店二层）,,
珠海市,诺贝尔口腔(前山招商花园城分院),珠海市-香洲区,珠海市香洲区翠微西路320、324号商铺,,
珠海市,诺贝尔口腔(吉大分院),珠海市-未知区域,珠海市吉大海滨南路50号(金碧时代广场)一层商场(1)号A07号商铺,,
珠海市,诺贝尔口腔(奥园香山湖门诊),珠海市-香洲区,广东省珠海市香洲区梅界路189号商铺(金发购物中心3号门),,
珠海市,诺贝尔口腔(拱北国维分院),珠海市-香洲区,珠海市香洲区拱北国维三街15号212、213、214、215、216号商铺,,
珠海市,诺贝尔口腔(新香洲分院),珠海市-香洲区,珠海市香洲区三台石路317号商铺,,
珠海市,诺贝尔口腔医院(金湾华发商都院),珠海市-金湾区,珠海市金湾区三灶镇金泓路196号301、302、303、304商铺,,
张家口市,一佳口腔,张家口市-张北县,河北省张家口市张北县张北镇荣庭家园小区西侧底商1-3层,,
张家口市,亿莱尼雅(数字化)口腔,张家口市-张家口经济开发区,河北省张家口经济开发区胜利中路241号时代广场小区1号楼1层239、240,,
张家口市,仁爱口腔(桥西店),张家口市-桥西区,河北省张家口市桥西区西坝岗路金鼎国贸中心第一幢一层109号房,,
张家口市,博悦口腔,张家口市-宣化区,河北省张家口市宣化区宣府大街17号院万丰府一号楼7号底商,,
张家口市,宝康口腔门诊,张家口市-崇礼区,河北省张家口市崇礼区西湾子镇长青路物资局家属楼5号底商,,
张家口市,微乐口腔(铂金时代广场店),张家口市-桥东区,河北省张家口市桥东区胜利北路94号铂金时代广场1号楼1层09、2层09,,
张家口市,未来家庭口腔（桥东店）,张家口市-未知区域,新五一广场维多利亚C区5号,,
张家口市,正齿口腔,张家口市-赤城县,河北省张家口市赤城县赤城镇建国东街3号楼1单元101室,,
张家口市,牙牙乐口腔,张家口市-蔚县,河北省张家口市蔚县蔚州镇前进东路大泉坡商贸楼一号楼东7户,,
张家口市,牙美口腔,张家口市-张家口经济开发区,河北省张家口经济开发区高新路10号燎原一品1号楼1层05、06二层05、06号房,,
张家口市,舒悦口腔,张家口市-万全区,河北省张家口市万全区孔家庄镇同城雅居小区第S1幢1单元1-2层1-105号,,
张家口市,麦格口腔(桥西店),张家口市-桥西区,河北省张家口市桥西区清水河路3号展览馆南侧食品世界,,
张家口市,麦格口腔（桥西店）,张家口市-未知区域,张家口市清水河中路3号展览馆南侧食品世界3层3-1室,,
郑州市,不凡口腔,郑州市-高新区,河南省郑州市高新区长椿路216号谦祥万和城A区东门南,,
郑州市,中原博雅口腔,郑州市-中原区,河南省郑州市中原区伏牛路168号院B座裙房1-2层附2号,,
郑州市,中牟九龙海峰中兴路口腔门诊部,郑州市-中牟县,河南省郑州市中牟县东风路街道办事处中兴路与官渡大街交叉口向南200米路西,,
郑州市,中牟九龙海峰口腔绿博店,郑州市-中牟县,河南省郑州市中牟县刘集镇绿博一号D区008商铺（天禧小区北门对面）,,
郑州市,中牟九龙海峰郑庵口腔诊所(郑庵店),郑州市-中牟县,河南省郑州市中牟县中牟县郑庵镇人民路中段路北083号,,
郑州市,乐植口腔(公园茂店),郑州市-中原区,河南省郑州市中原区高新区金菊街公园茂泓苑北门商铺,,
郑州市,九龙海峰口腔(万邦店),郑州市-中牟县,河南省郑州市中牟县万洪路与文澜街盛和社区二号院8号楼031商铺,,
郑州市,九龙海峰口腔(九龙总店),郑州市-中牟县,河南省郑州市中牟县和谐家园二号院北门西70米,,
郑州市,九龙海峰口腔(宇通总店),郑州市-中牟县,河南省郑州市中牟县经济技术开发区河南省郑州市中牟县宇通和谐家园二号院,,
郑州市,九龙海峰口腔门诊(白沙店),郑州市-中牟县,河南省郑州市中牟县张湖桥街与恭秀路交叉口（美好生活广场对面）,,
郑州市,二七格度优尔口腔门诊部,郑州市-二七区,河南省郑州市二七区航海中路与祥云路交叉口正商航海广场B座一楼2-105,,
郑州市,今迈口腔(康桥原溪里店),郑州市-未知区域,河南省郑州市新郑市龙湖镇原溪里1号院南门西侧,,
郑州市,今迈口腔(文昌路店),郑州市-未知区域,河南省郑州市新郑市龙湖镇文昌路与双湖大道交叉口向南300米路东,,
郑州市,仕禾口腔,郑州市-   管城回族区,河南省郑州市   管城回族区经开第六大街郑州格林假日酒店(郑州经开区店),,
郑州市,唯美口腔品牌矫正种植牙连锁(三全路院区),郑州市-金水区,河南省郑州市金水区文化北路50号1号楼附1号,,
郑州市,唯美口腔品牌矫正种植牙连锁(南阳路院区),郑州市-金水区,河南省郑州市金水区南阳路226号富田丽景花园38号楼1-2层南2号,,
郑州市,唯美口腔品牌矫正种植牙连锁(大学路院区),郑州市-二七区,河南省郑州市二七区大学路30号永辉超市一楼二楼H0206201-1,,
郑州市,唯美口腔品牌矫正种植牙连锁(建设路旗舰院区),郑州市-中原区,河南省郑州市中原区建设西路66号院附5号、1号楼3层付7-14号,,
郑州市,唯美口腔品牌矫正种植牙连锁(经三路总院),郑州市-金水区,河南省郑州市金水区经三路北85号注协大厦3号楼1、2、3层,,
郑州市,唯美口腔品牌矫正种植牙连锁(郑汴路院区),郑州市-金水区,河南省郑州市金水区中州大道1188号A区2层205、206,,
郑州市,奥尔莱口腔,郑州市-郑东新区,河南省郑州市郑东新区康平路永平路交叉口正东商业中心C区2号楼205,,
郑州市,巩义王文彪口腔,郑州市-区新兴路开普小区,河南省郑州市巩义市市区新兴路开普小区西门口,,
郑州市,巩义瑞兴口腔门诊部,郑州市-未知区域,河南省郑州市巩义市交通路58号（实验小学西门口）,,
郑州市,巩义菁英口腔门诊部,郑州市-未知区域,河南省郑州市巩义市滨河路与永新路交叉口,,
郑州市,德正口腔(金水院区),郑州市-金水区,河南省郑州市金水区纬四路18号院1号楼1层101号,,
郑州市,拜博口腔(紫荆山路店),郑州市-金水区,河南省郑州市金水区紫荆山路9号中浮紫东苑1号楼M号1-2层,,
郑州市,拜尔口腔(南阳路店),郑州市-惠济区,河南省郑州市惠济区南阳路与宋寨南街交叉口博金商贸城A座7层,,
郑州市,格度优尔口腔(航海广场店),郑州市-二七区,河南省郑州市二七区祥云路1号2号楼1-2层105号,,
郑州市,植得口腔(上街院区),郑州市-上街区,河南省郑州市上街区淮阳路26号院16号楼一层M01-2、二层M52-M61、三层M103-M112,,
郑州市,植得口腔(中牟院区),郑州市-中牟县,河南省郑州市中牟县县城西区商都大街北侧、雁鸣街东侧祥和居商住楼3层商业302,,
郑州市,植得口腔(丰庆路院区),郑州市-金水区,河南省郑州市金水区丰庆路36号院1号楼3层S101、S102商铺,,
郑州市,植得口腔(亚星院区),郑州市-二七区,郑州市二七区长江中路129号9号楼3层14号,,
郑州市,植得口腔(医学院院区),郑州市-二七区,河南省郑州市二七区大学北路30号院3层附10号,,
郑州市,植得口腔(天旺院区),郑州市-金水区,郑州市金水区天明路82号裙房商业3005号,,
郑州市,植得口腔(桐柏院区),郑州市-中原区,河南省郑州市中原区桐柏路188号（1-2层）0371-55951527,,
郑州市,植得口腔(管城院区),郑州市-管城回族区,河南省郑州市管城回族区港湾路1号院金色港湾49号楼1层104号,,
郑州市,植得口腔(经开院区),郑州市-南自贸试验区,河南自贸试验区郑州片区（经开）航海东路1300号西单元1-2层105号,,
郑州市,植得口腔(花园院区),郑州市-金水区,郑州市金水区纬五路14号院1号楼,,
郑州市,植得口腔(荥阳院区),郑州市-索河路东段北侧新区,河南省郑州市荥阳市索河路东段北侧新区名苑裙楼1-2层112号,,
郑州市,植得口腔(蓝堡湾院区),郑州市-金水区,河南省郑州市金水区东风路28号院2号楼2层217号0371-55951527,,
郑州市,植得口腔(高新院区),郑州市-高新区,河南省郑州市高新区银屏路115号10号楼1-2层附56-57号,,
郑州市,植得口腔上街院区,郑州市-上街区,河南省郑州市上街区淮阳路26号院16号楼一至三层,,
郑州市,植得口腔中牟院区,郑州市-中牟县,河南省郑州市中牟县中牟县商都路与永福街交叉口东北角,,
郑州市,植得口腔丰庆路院区,郑州市-金水区,河南省郑州市金水区丰庆路36号院1号楼3层S101、S102商铺,,
郑州市,植得口腔亚星院区,郑州市-二七区,河南省郑州市二七区长江路兴华街向西100米路南植得口腔,,
郑州市,植得口腔医学院院区,郑州市-二七区,河南省郑州市二七区大学路中原路交叉口植得口腔三楼,,
郑州市,植得口腔医院(总院),郑州市-金水区,郑州市金水区金水路276号,,
郑州市,植得口腔天旺院区,郑州市-金水区,河南省郑州市金水区天明路82号裙房商业3005号,,
郑州市,植得口腔桐柏院区,郑州市-中原区,河南省郑州市中原区桐柏路与市场街交叉口植得口腔桐柏路院区,,
郑州市,植得口腔管城院区,郑州市-管城回族区,河南省郑州市管城回族区港湾路一号院金色港湾49号楼1层104号,,
郑州市,植得口腔经开院区,郑州市-管城回族区,河南省郑州市管城回族区郑州市经开区航海东路第三大街交叉口东北角天鑫大厦二楼,,
郑州市,植得口腔花园院区,郑州市-金水区,河南省郑州市金水区花园路纬五路交叉口金融广场植得口腔花园院区,,
郑州市,植得口腔荥阳院区,郑州市-索河路东段北侧新区,河南省郑州市荥阳市索河路东段北侧新区名苑裙楼1-2层112号,,
郑州市,植得口腔蓝堡湾院区,郑州市-金水区,河南省郑州市金水区东风路28号院2号楼2层商217号,,
郑州市,植得口腔金水院区,郑州市-金水区,河南省郑州市金水区金水路276号,,
郑州市,植得口腔高新院区,郑州市-中原区,河南省郑州市中原区高新区银屏路与银杏路交叉口向南50米路东植得口腔,,
郑州市,河南众益口腔医院,郑州市-金水区,河南省郑州市金水区三全路129号国瑞静香园一号楼1-3层,,
郑州市,登封杰美口腔门诊部,郑州市-未知区域,河南省郑州市登封市南一环路嵩玉花园南门,,
郑州市,白尔雅口腔门诊,郑州市-中原区,河南省郑州市中原区河南省郑州市中原区瑞达路玉兰雅庭6号,,
郑州市,经开海峰口腔门诊部,郑州市-片区,片区经开十五大街与经南十路交叉口路南经南十路39号,,
郑州市,舒美口腔,郑州市-中原区,河南省郑州市中原区冉屯东路8号院3号楼1-2层附3号,,
郑州市,莱安雅口腔(纬四路店),郑州市-金水区,河南省郑州市金水区纬四路20号,,
郑州市,莱安雅口腔(郑东新区店),郑州市-辖区,河南省郑州市市辖区郑东新区天赋路28号（绿地老街）二期附8号1-2层,,
郑州市,郑东九龙海峰口腔诊所(万滩店),郑州市-中牟县,河南省郑州市中牟县万滩镇信用社南200米,,
郑州市,郑东未来兴荣街口腔门诊部,郑州市-郑东新区,河南省郑州市郑东新区郑东新区黄河南路89号院盛世年华15号楼未来口腔,,
郑州市,郑东未来建正口腔门诊部,郑州市-郑东新区,河南省郑州市郑东新区郑东新区商都路100号建正东方中心1号楼3层306号,,
郑州市,郑州南区口腔医院,郑州市-二七区,河南省郑州市二七区嵩山路政通路交叉口西南角,,
郑州市,郑州小老虎口腔医院,郑州市-金水区,河南省郑州市金水区纬二路经纬花园9号院门面房1楼和2楼,,
郑州市,金水德正口腔门诊部,郑州市-金水区,河南省郑州市金水区纬四路18号院1-2层101德正口腔,,
郑州市,金水未来口腔门诊部,郑州市-金水区,郑州市金水区金水花园东区99号楼1单元一层,,
郑州市,金水皓齿口腔诊所,郑州市-金水区,河南省郑州市金水区丰庆路街道新村路与丰庆路交叉口西100米,,
郑州市,金水阳光口腔,郑州市-金水区,河南省郑州市金水区三全路99号华瑞紫桂苑22号楼1-2层,,
郑州市,鑫起点口腔(锦绣山河淘气堡店),郑州市-二七区,河南省郑州市二七区嵩山南路庆喜路淘气堡C区商铺,,
郑州市,鑫起点口腔万和城店,郑州市-高新区,河南省郑州市高新区长椿路谦祥万和城A区东门南侧,,
郑州市,马泷齿科金水门诊(丹尼斯大卫城店),郑州市-金水区,河南省郑州市金水区二七路与太康路交叉口丹尼斯大卫城1301室,,
周口市,军伟口腔诊所,周口市-北公园正对面莲花小区,河南省周口市项城市北公园正对面莲花小区南门口西100米路北,,
周口市,德正口腔(周口院区),周口市-川汇区,河南省周口市川汇区文明路与育新街交叉口南100米路西200号,,
周口市,德正口腔(扶沟院区),周口市-扶沟县,河南省周口市扶沟县城关镇文化路62号,,
周口市,德正口腔(郸城院区),周口市-郸城县,河南省周口市郸城县城关镇新华路与府东路交叉口往东200米路北12号,,
周口市,德正口腔医院(总院),周口市-城乡一体化示范区,河南省周口市城乡一体化示范区嵩高路馨丽康城风情街,,
周口市,德正口腔门诊部,周口市-川汇区,河南省周口市川汇区文明路200号,,
周口市,扶沟德正口腔门诊部,周口市-扶沟县,河南省周口市扶沟县城关镇文化路62号,,
周口市,李焕口腔,周口市-川汇区,河南省周口市川汇区汉阳路与黄河路交叉口铁路南160米路东,,
周口市,植得口腔(周口院区),周口市-川汇区,周口市川汇区七一路中段原市委对面商务局综合楼二楼,,
周口市,植得口腔周口院区,周口市-川汇区,河南省周口市川汇区七一路六一路交叉口向东200米路南植得口腔,,
周口市,美齿口腔诊所,周口市-未知区域,河南省周口市项城市工业路与名仕路交叉口向北20米路北,,
周口市,郸城天地人口腔门诊(郸城院区),周口市-郸城县,河南省周口市郸城县世纪大道方远新世界对面,,
周口市,郸城洺南德正口腔诊所,周口市-郸城县,河南省周口市郸城县城关镇新华路与府东路交叉口往东200米路北12号,,
驻马店市,上蔡飞驰口腔,驻马店市-上蔡县,河南省驻马店市上蔡县上蔡县芦岗街道办事处兴业路38号,,
驻马店市,友来口腔,驻马店市-驿城区,河南省驻马店市驿城区雪松大道与正阳路交叉口向西五十米路北,,
驻马店市,小苹果口腔千田店,驻马店市-上蔡县,河南省驻马店市上蔡县上蔡千田新天地小区东50米,,
驻马店市,小苹果口腔奎星楼店,驻马店市-上蔡县,河南省驻马店市上蔡县上蔡县人民医院东100米,,
驻马店市,小苹果口腔朱里店,驻马店市-上蔡县,河南省驻马店市上蔡县上蔡朱里镇万宝达超市对面,,
驻马店市,小苹果口腔鹏宇店,驻马店市-上蔡县,河南省驻马店市上蔡县上蔡鹏宇国际酒店西50米,,
驻马店市,小苹果口腔黑龙潭店,驻马店市-上蔡县,河南省驻马店市上蔡县上蔡县西关汽车站斜对面,,
驻马店市,春阳牙科(凤凰城店),驻马店市-驿城区,河南省驻马店市驿城区通达路与乐山路交叉口西南角,,
驻马店市,春阳牙科(建业十八城店),驻马店市-驿城区,河南省驻马店市驿城区金雀路与盘古山路交叉口东南角,,
驻马店市,春雷牙科(古城店),驻马店市-驿城区,河南省驻马店市驿城区古城街古城中学斜对面东30米路北,,
驻马店市,植得口腔(汝南院区),驻马店市-汝南县,河南省驻马店市汝南县宁镇教场街43号,,
驻马店市,植得口腔(驻马店院区),驻马店市-经济开发区,河南省驻马店市经济开发区金雀路西段333号,,
驻马店市,植得口腔名洲院区,驻马店市-驿城区,河南省驻马店市驿城区春晓街中段路南（与骏马路向西20米）,,
驻马店市,植得口腔汝南院区,驻马店市-汝南县,河南省驻马店市汝南县朝阳街43号老刘牙科,,
驻马店市,植得口腔驻马店文雀院区,驻马店市-驿城区,河南省驻马店市驿城区文明大道与金雀路交叉口,,
驻马店市,植得口腔驻马店院区,驻马店市-驿城区,河南省驻马店市驿城区春晓街中段路南（与骏马路向西20米）,,
驻马店市,皓美口腔门诊,驻马店市-驿城区,河南省驻马店市驿城区练江路与天中山大道交叉口西北角福华御苑住宅小区B区2号楼一层101二层201室,,
张家界市,湘茜口腔医院,张家界市-永定区,张家界市永定区永定街道南门口安置小区A区5栋1S05号（好声音KTV斜对面）,,
张家界市,牙博仕口腔,张家界市-永定区,张家界市永定区南庄坪街道永康社区(鑫成花园AB栋107),,
株洲市,优伢仕口腔医院(庐山店),株洲市-天元区,株洲市天元区嵩山路街道庐山路中信庐山一号302、402房,,
株洲市,唯美口腔连锁(伟大国际店),株洲市-荷塘区,株洲市荷塘区红旗中路2号伟大国际广场1栋501号,,
株洲市,唯美口腔连锁(天元店),株洲市-天元区,株洲市天元区滨江南路168号水岸春天,,
株洲市,家鸿口腔·种植正畸中心(天元中大城店),株洲市-天元区,株洲市天元区嵩山路街道莲花路500号中大城小区7栋108、109、110,,
株洲市,荷塘唯美口腔门诊部(汽车站店),株洲市-荷塘区,株洲市荷塘区红旗南路1号（中心站沿新华西路门店1号）,,
株洲市,荷塘唯美门诊部(汽车站店),株洲市-荷塘区,株洲市荷塘区茨菇塘街道新华西路株洲汽车中心站1楼沿街商铺,,
镇江市,康洁口腔·种植矫正中心(丹北新桥店),镇江市-未知区域,镇江市丹阳市丹北镇大梦想城沿街三层3018-3034号,,
镇江市,康洁口腔连锁(丹阳八佰伴店),镇江市-未知区域,镇江市丹阳市云阳街道新民中路2号丹阳八佰伴四楼(观光电梯直达),,
淄博市,临淄恒信庆吉口腔诊所,淄博市-临淄区,山东省淄博市临淄区山东省淄博市临淄区雪宫街道齐园路18-22,,
淄博市,沂源沂乐口腔医院,淄博市-沂源县,山东省淄博市沂源县历山街道办事处鲁山路22号,,
枣庄市,蓝天口腔(府前路店),枣庄市-未知区域,枣庄市滕州市荆河街道府前路99号,,
资阳市,安岳心悦口腔诊所,资阳市-安岳县,四川省资阳市安岳县岳阳镇柠都大道152号,,
资阳市,微齿馨口腔(牙谷科创园店),资阳市-雁江区,四川省资阳市雁江区外环路西三段222号中国牙谷科创园区（多功能中心）多功能中心（1栋）（F）（1-8）-1号一楼107、109、111、112、113、114、116、118号,,
资阳市,资阳高新口腔医院,资阳市-雁江区,四川省资阳市雁江区松涛镇滨江路,,
自贡市,医附大口腔(富顺院区),自贡市-富顺县,四川省自贡市富顺县富世镇釜江大道东段190号4号楼3层,,
自贡市,川蜀口腔,自贡市-富顺县,四川省自贡市富顺县富州大道252号·(两校旁),,
自贡市,德立口腔(自贡店),自贡市-自流井区,四川省自贡市自流井区紫薇路南湖俊景对面(紫薇路公交站旁),,
自贡市,时代口腔诊所(汇川路店),自贡市-沿滩区,四川省自贡市沿滩区南湖公馆-1层147号,,
自贡市,欣荣口腔诊所,自贡市-荣县,四川省自贡市荣县旭阳镇观澜湖正大门下行200米,,
昭通市,京州口腔,昭通市-镇雄县,云南省昭通市镇雄县云南省昭通市镇雄县南台街道办事处龙腾锦程祥龙苑1号楼14号门面及第二层,,
昭通市,德韩口腔(金融中心院区),昭通市-昭阳区,云南省昭通市昭阳区昭阳大道与海楼路交汇处昭通金融中心CD座C107、204、205、206、207,,
中卫市,优嘉口腔,中卫市-沙坡头区,宁夏回族自治区中卫市沙坡头区鼓楼东街创业成东门向北100米,,
舟山市,舟山市如心维乐口腔诊所有限公司,舟山市-定海区,浙江省舟山市定海区临城街道如心广场620号、622号,,
舟山市,舟山市维乐口腔门诊部有限公司,舟山市-普陀区,浙江省舟山市普陀区东港街道海印路850号杉杉普陀天地11幢,,
